-- phpMyAdmin SQL Dump
-- version 5.1.1
-- https://www.phpmyadmin.net/
--
-- Host: 127.0.0.1
-- Generation Time: Jan 10, 2022 at 02:54 PM
-- Server version: 10.4.22-MariaDB
-- PHP Version: 8.1.0

SET SQL_MODE = "NO_AUTO_VALUE_ON_ZERO";
START TRANSACTION;
SET time_zone = "+00:00";


/*!40101 SET @OLD_CHARACTER_SET_CLIENT=@@CHARACTER_SET_CLIENT */;
/*!40101 SET @OLD_CHARACTER_SET_RESULTS=@@CHARACTER_SET_RESULTS */;
/*!40101 SET @OLD_COLLATION_CONNECTION=@@COLLATION_CONNECTION */;
/*!40101 SET NAMES utf8mb4 */;

--
-- Database: `medepay`
--

-- --------------------------------------------------------

--
-- Table structure for table `acts`
--

CREATE TABLE `acts` (
  `act_id` int(11) NOT NULL,
  `type` varchar(20) NOT NULL,
  `category` varchar(20) NOT NULL,
  `act` text NOT NULL,
  `ta` int(11) NOT NULL,
  `tb` int(11) NOT NULL,
  `tc` int(11) NOT NULL,
  `td` int(11) NOT NULL,
  `te` int(11) NOT NULL,
  `tf` int(11) NOT NULL,
  `tg` int(11) NOT NULL,
  `insured` tinyint(4) NOT NULL DEFAULT 1,
  `date` date DEFAULT NULL,
  `active` int(11) NOT NULL DEFAULT 1,
  `qtty` int(11) NOT NULL DEFAULT 0
) ENGINE=InnoDB DEFAULT CHARSET=latin1;

--
-- Dumping data for table `acts`
--

INSERT INTO `acts` (`act_id`, `type`, `category`, `act`, `ta`, `tb`, `tc`, `td`, `te`, `tf`, `tg`, `insured`, `date`, `active`, `qtty`) VALUES
(1, 'MEDICAMENTS INJECTAB', 'MEDICAMENTS INJECTAB', 'METOCLOPRAMIDE', 1000, 112, 112, 112, 0, 112, 112, 1, '2021-02-02', 1, 0),
(2, 'MEDICAMENTS INJECTAB', 'MEDICAMENTS INJECTAB', 'AMPICILLINE 500MG', 2000, 112, 112, 112, 0, 112, 112, 1, '2021-02-02', 1, 0),
(3, 'MEDICAMENTS INJECTAB', 'MEDICAMENTS INJECTAB', 'AMPICILLINE 1000MG', 2000, 210, 210, 210, 0, 210, 210, 1, '2021-02-02', 1, 0),
(4, 'MEDICAMENTS INJECTAB', 'MEDICAMENTS INJECTAB', 'DICYNONE 250 MG/2ML', 2500, 0, 976, 976, 0, 976, 0, 1, '2021-02-02', 1, 0),
(5, 'MEDICAMENTS INJECTAB', 'MEDICAMENTS INJECTAB', 'CIMETEDINE 200MG', 2000, 84, 420, 420, 0, 420, 420, 1, '2021-03-24', 1, 0),
(6, 'MEDICAMENTS INJECTAB', 'MEDICAMENTS INJECTAB', 'CEFTRIAXONE 1G', 2000, 329, 420, 420, 420, 420, 420, 1, '2021-10-29', 1, 0),
(7, 'MEDICAMENTS INJECTAB', 'MEDICAMENTS INJECTAB', 'BENZATHINE PENICILLINE 2.4 MEGA', 2000, 252, 252, 252, 0, 252, 252, 1, '2021-02-02', 1, 0),
(8, 'MEDICAMENTS INJECTAB', 'MEDICAMENTS INJECTAB', 'VITAMINE B COMPLEX 2ML', 2000, 256, 256, 256, 256, 256, 256, 1, '2021-03-24', 1, 0),
(9, 'MEDICAMENTS INJECTAB', 'MEDICAMENTS INJECTAB', 'ASPERGIC 1000MG', 2000, 560, 560, 560, 560, 560, 560, 1, '2021-03-24', 1, 0),
(10, 'MEDICAMENTS INJECTAB', 'MEDICAMENTS INJECTAB', 'DICLOFENAC 75MG /3ML', 2000, 70, 70, 70, 70, 70, 70, 1, '2021-10-29', 1, 0),
(11, 'MEDICAMENTS INJECTAB', 'MEDICAMENTS INJECTAB', 'DEXAMETHAZONE 4MG/ML', 2000, 102, 140, 140, 0, 140, 140, 1, '2021-10-29', 1, 0),
(12, 'MEDICAMENTS INJECTAB', 'MEDICAMENTS INJECTAB', 'HYDROCORTISONE 100MG', 2000, 300, 420, 350, 0, 350, 350, 1, '2021-10-29', 1, 0),
(13, 'MEDICAMENTS INJECTAB', 'MEDICAMENTS INJECTAB', 'SALBUTAMOL 0.5MG', 1000, 420, 490, 490, 0, 490, 490, 1, '2021-03-24', 1, 0),
(14, 'MEDICAMENTS INJECTAB', 'MEDICAMENTS INJECTAB', 'DIAZEPAN ', 2000, 630, 630, 630, 0, 630, 630, 1, '2021-02-02', 1, 0),
(15, 'MEDICAMENTS INJECTAB', 'MEDICAMENTS INJECTAB', 'TRAMADOL 50 MG', 2000, 360, 360, 360, 360, 360, 360, 1, '2021-03-24', 1, 0),
(16, 'MEDICAMENTS INJECTAB', 'MEDICAMENTS INJECTAB', 'BUSCOPAN', 2000, 182, 182, 182, 0, 182, 182, 1, '2021-02-02', 1, 0),
(17, 'MEDICAMENTS INJECTAB', 'MEDICAMENTS INJECTAB', 'NORSTERAT', 3000, 0, 3000, 0, 0, 0, 0, 1, '2019-05-05', 1, 0),
(18, 'MEDICAMENTS INJECTAB', 'MEDICAMENTS INJECTAB', 'GENTAMYCINE 80MG ', 2000, 119, 119, 119, 119, 119, 119, 1, '2021-03-24', 1, 0),
(19, 'MEDICAMENTS INJECTAB', 'MEDICAMENTS INJECTAB', 'ADRENALINE ', 1000, 140, 140, 200, 0, 200, 140, 1, '2021-02-02', 1, 0),
(20, 'MEDICAMENTS INJECTAB', 'MEDICAMENTS INJECTAB', 'DEPO-PROVERA ', 1500, 0, 9749, 0, 0, 0, 0, 1, '2019-05-05', 1, 0),
(21, 'MEDICAMENTS INJECTAB', 'MEDICAMENTS INJECTAB', 'ASPERGIC 500 MG', 2000, 1200, 1200, 1200, 12000, 1200, 1200, 1, '2021-03-24', 1, 0),
(23, 'MEDICAMENTS INJECTAB', 'MEDICAMENTS INJECTAB', 'QUININE 600MG /2ML', 1000, 480, 480, 480, 480, 480, 480, 1, '2021-10-29', 1, 0),
(24, 'MEDICAMENTS INJECTAB', 'MEDICAMENTS INJECTAB', 'QUININE 500MG/2ML', 1000, 434, 480, 480, 480, 480, 480, 1, '2021-10-29', 1, 0),
(25, 'MEDICAMENTS INJECTAB', 'MEDICAMENTS INJECTAB', 'PROMETHAZINE INJ 25MG', 1000, 140, 140, 200, 0, 200, 0, 1, '2021-03-24', 1, 0),
(26, 'MEDICAMENTS INJECTAB', 'MEDICAMENTS INJECTAB', 'PENICILLIN PROCAINE FORTIFIE', 1000, 210, 210, 250, 0, 250, 210, 1, '2021-02-02', 1, 0),
(27, 'MEDICAMENTS INJECTAB', 'MEDICAMENTS INJECTAB', 'ARTHEMETER ET LUMEFANTRINE/80MG', 2000, 1316, 2000, 0, 0, 0, 1316, 1, '2021-02-02', 1, 0),
(28, 'CONSOMMABLES POUR IN', 'CONSOMMABLES POUR IN', 'CONSOMMABLES POUR INJECTION', 0, 0, 0, 0, 0, 0, 0, 1, '2019-05-05', 1, 0),
(29, 'CONSOMMABLES POUR IN', 'CONSOMMABLES POUR IN', 'SERINGUE 2ML ', 150, 150, 150, 150, 0, 150, 150, 1, '2021-02-02', 1, 0),
(30, 'CONSOMMABLES POUR IN', 'CONSOMMABLES POUR IN', 'SERINGUE 5ML', 150, 42, 42, 42, 42, 42, 42, 1, '2021-07-05', 1, 0),
(31, 'CONSOMMABLES POUR IN', 'CONSOMMABLES POUR IN', 'SERINGUE 10ML', 100, 45, 45, 45, 45, 45, 45, 1, '2021-10-29', 1, 0),
(32, 'CONSOMMABLES POUR IN', 'CONSOMMABLES POUR IN', 'TROUSSE', 500, 840, 840, 840, 840, 840, 840, 1, '2021-03-09', 1, 0),
(33, 'CONSOMMABLES POUR IN', 'CONSOMMABLES POUR IN', 'CATHETER', 500, 350, 350, 350, 0, 350, 350, 1, '2021-02-02', 1, 0),
(34, 'CONSOMMABLES POUR IN', 'CONSOMMABLES POUR IN', 'MASK DE NEBULSATION ', 3000, 0, 2000, 0, 0, 0, 0, 1, '2019-05-05', 1, 0),
(35, 'CONSOMMABLES POUR IN', 'CONSOMMABLES POUR IN', 'AIGUILL2 G23 ', 100, 12, 100, 25, 0, 25, 25, 1, '2021-03-09', 1, 0),
(36, 'CONSOMMABLES POUR IN', 'CONSOMMABLES POUR IN', 'AIGUILLE G 24', 100, 12, 100, 25, 0, 25, 25, 1, '2021-03-09', 1, 0),
(37, 'CONSOMMABLES POUR IN', 'CONSOMMABLES POUR IN', 'GANTS PROPRE ', 200, 42, 50, 50, 0, 50, 42, 1, '2021-11-01', 1, 0),
(38, 'CONSOMMABLES POUR IN', 'CONSOMMABLES POUR IN', 'EAU DE DILUTION', 100, 42, 50, 50, 0, 50, 50, 1, '2021-10-29', 1, 0),
(39, 'CONSOMMABLES POUR IN', 'CONSOMMABLES POUR IN', 'NORMALE SALINE 500 ML', 1500, 518, 1000, 490, 0, 490, 490, 1, '2021-10-29', 1, 0),
(40, 'CONSOMMABLES POUR IN', 'CONSOMMABLES POUR IN', 'RINGER LACTATE 500 ML', 1500, 560, 624, 624, 0, 624, 624, 1, '2021-10-29', 1, 0),
(41, 'CONSOMMABLES POUR IN', 'CONSOMMABLES POUR IN', 'GLUCOSE 500 ML', 1500, 540, 560, 560, 560, 560, 560, 1, '2021-10-29', 1, 0),
(42, 'CONSOMMABLES POUR IN', 'CONSOMMABLES POUR IN', 'TULLE GRAS', 2000, 2267, 2267, 2267, 2267, 2267, 2267, 1, '2021-03-09', 1, 0),
(43, 'CONSOMMABLES POUR IN', 'CONSOMMABLES POUR IN', 'BANDE DE GAUZE', 500, 0, 500, 0, 0, 0, 0, 1, '2019-05-05', 1, 0),
(44, ' PANSEMENTS ET SOINS', ' PANSEMENTS ET SOINS', 'SUTURE SIMPLE', 8000, 7175, 7175, 7150, 0, 7150, 7175, 1, '2021-02-02', 1, 0),
(45, ' PANSEMENTS ET SOINS', ' PANSEMENTS ET SOINS', 'SUTURE COMPLIQUE', 15000, 10762, 10762, 10762, 0, 10762, 10762, 1, '2021-02-02', 1, 0),
(46, ' PANSEMENTS ET SOINS', ' PANSEMENTS ET SOINS', 'EXTRACTION DU CORP ETRANGER', 5000, 0, 3000, 0, 0, 0, 0, 1, '2021-10-07', 1, 0),
(48, ' PANSEMENTS ET SOINS', ' PANSEMENTS ET SOINS', 'FREINECTOMIIE', 3000, 4663, 4663, 4663, 0, 4663, 4663, 1, '2021-02-02', 1, 0),
(49, ' PANSEMENTS ET SOINS', ' PANSEMENTS ET SOINS', 'INJECTION IM', 1000, 538, 538, 538, 0, 538, 538, 1, '2021-02-02', 1, 0),
(50, ' PANSEMENTS ET SOINS', ' PANSEMENTS ET SOINS', 'INJECTION IV', 1000, 897, 897, 897, 0, 897, 897, 1, '2021-02-02', 1, 0),
(51, ' PANSEMENTS ET SOINS', ' PANSEMENTS ET SOINS', 'ACTE DE PERFUSION', 2500, 0, 2500, 0, 0, 0, 0, 1, '2019-05-05', 1, 0),
(52, ' PANSEMENTS ET SOINS', ' PANSEMENTS ET SOINS', 'SURVEILLANCE PERFUSION', 5000, 0, 5000, 0, 0, 0, 0, 1, '2019-05-05', 1, 0),
(53, ' PANSEMENTS ET SOINS', ' PANSEMENTS ET SOINS', 'ACTE DE NEBULSATION/SÉANCE', 5000, 2332, 2332, 2332, 0, 2332, 2332, 1, '2021-02-02', 1, 0),
(54, ' PANSEMENTS ET SOINS', ' PANSEMENTS ET SOINS', 'OBSERVATION NUIT', 5000, 0, 5000, 0, 0, 0, 0, 1, '2019-05-05', 1, 0),
(55, ' PANSEMENTS ET SOINS', ' PANSEMENTS ET SOINS', 'OBSERVATION JOUR', 5000, 0, 5000, 0, 0, 0, 0, 1, '2019-05-05', 1, 0),
(56, 'IMAGING', ' PANSEMENTS ET SOINS', 'ECHOGRAPHIE GENERALE', 8500, 8193, 8193, 8193, 0, 8193, 8193, 1, '2021-02-27', 1, 0),
(57, 'IMAGING', ' PANSEMENTS ET SOINS', 'ECHOGRAPHIE OBSTETRICALE', 8500, 10240, 10240, 10240, 0, 10240, 10240, 1, '2021-02-02', 1, 0),
(58, ' PANSEMENTS ET SOINS', ' PANSEMENTS ET SOINS', 'PANSEMENT SIMPLE', 2000, 1346, 1346, 1346, 0, 1346, 1346, 1, '2021-07-20', 1, 0),
(59, ' PANSEMENTS ET SOINS', ' PANSEMENTS ET SOINS', 'PANSEMENT COMPLIQUE', 4000, 3587, 3587, 3587, 0, 3587, 3587, 1, '2021-06-06', 1, 0),
(60, ' PANSEMENTS ET SOINS', ' PANSEMENTS ET SOINS', 'ABLATION FILS', 1500, 2332, 2332, 2332, 0, 2332, 2332, 1, '2021-03-27', 1, 0),
(61, ' PANSEMENTS ET SOINS', ' PANSEMENTS ET SOINS', 'CIRCONCISION', 25000, 23541, 23541, 23541, 0, 23541, 23541, 1, '2021-02-02', 1, 0),
(62, 'CONSULTATION', ' PANSEMENTS ET SOINS', 'CONSULTATION', 3000, 4484, 4484, 4484, 0, 4484, 4484, 1, '2021-02-02', 1, 0),
(63, ' CONSULTATION', ' PANSEMENTS ET SOINS', 'CONSULTATION PAR UN GENERALISTE', 3000, 4484, 4484, 4484, 0, 4484, 4484, 1, '2021-02-02', 1, 0),
(64, ' CONSULTATION', ' PANSEMENTS ET SOINS', 'CONSULTATION JOUR WEEK END ET J FERIES', 3000, 5141, 5141, 5141, 0, 5141, 5141, 1, '2021-02-02', 1, 0),
(65, ' PANSEMENTS ET SOINS', ' PANSEMENTS ET SOINS', 'DOSSIER MEDICAL', 100, 748, 748, 748, 0, 748, 748, 1, '2021-02-02', 1, 0),
(66, ' PANSEMENTS ET SOINS', ' PANSEMENTS ET SOINS', 'INJECTION IV ENFANT', 1500, 1076, 1076, 1076, 0, 1076, 1076, 1, '2021-02-02', 1, 0),
(67, ' PANSEMENTS ET SOINS', ' PANSEMENTS ET SOINS', 'INJECTION IM ENFANTS', 1000, 538, 538, 538, 0, 538, 538, 1, '2021-02-02', 1, 0),
(68, ' PANSEMENTS ET SOINS', ' PANSEMENTS ET SOINS', 'PRELEVEMENT ENFANT', 1000, 979, 979, 979, 0, 979, 979, 1, '2021-02-02', 1, 0),
(69, ' PANSEMENTS ET SOINS', ' PANSEMENTS ET SOINS', 'PRELEVEMENT ADULTE', 1000, 407, 407, 407, 0, 407, 407, 1, '2021-02-02', 1, 0),
(70, ' PANSEMENTS ET SOINS', ' PANSEMENTS ET SOINS', 'INJECTION IV SUCCESSIVE/JOUR', 1000, 489, 489, 489, 0, 489, 489, 1, '2021-02-02', 1, 0),
(71, ' PANSEMENTS ET SOINS', ' PANSEMENTS ET SOINS', 'SOINS LOCAUX SANS PANSEMENT', 1500, 680, 680, 680, 0, 680, 680, 1, '2021-02-02', 1, 0),
(72, ' PANSEMENTS ET SOINS', ' PANSEMENTS ET SOINS', 'PERFUSION ADULTE', 2000, 979, 979, 979, 0, 979, 979, 1, '2021-02-02', 1, 0),
(75, ' PANSEMENTS ET SOINS', ' PANSEMENTS ET SOINS', 'INJECTION IV', 1000, 897, 897, 897, 0, 897, 897, 1, '2021-02-02', 1, 0),
(76, ' PANSEMENTS ET SOINS', ' PANSEMENTS ET SOINS', 'INJECTION IM ', 1000, 538, 538, 538, 0, 538, 538, 1, '2021-02-02', 1, 0),
(77, ' PANSEMENTS ET SOINS', ' PANSEMENTS ET SOINS', 'PANSEMENT SAUF TULLE GRAS ET COMPLIQUE', 3000, 3587, 3587, 3587, 0, 3587, 3587, 1, '2021-02-02', 1, 0),
(78, ' PANSEMENTS ET SOINS', ' PANSEMENTS ET SOINS', 'PANSEMENT SIMPLE', 2000, 1346, 1346, 1346, 0, 1346, 1346, 1, '2021-11-22', 1, 0),
(79, ' PANSEMENTS ET SOINS', ' PANSEMENTS ET SOINS', 'SUTURE MULTIPLE OU COMPLIQUE', 15000, 10762, 10762, 10762, 0, 10762, 10762, 1, '2021-02-02', 1, 0),
(80, ' PANSEMENTS ET SOINS', ' PANSEMENTS ET SOINS', 'SUTURE SIMPLE', 7000, 7175, 7175, 7175, 0, 7175, 7175, 1, '2021-02-02', 1, 0),
(81, ' PANSEMENTS ET SOINS', ' PANSEMENTS ET SOINS', 'ABLATION NORPLAN (JADELLE)', 5000, 5435, 5435, 5435, 0, 5435, 5435, 1, '2021-02-02', 1, 0),
(82, ' PANSEMENTS ET SOINS', ' PANSEMENTS ET SOINS', 'INSERTION NORPLAN', 5000, 2717, 2717, 2717, 0, 2717, 2717, 1, '2021-02-02', 1, 0),
(83, ' PANSEMENTS ET SOINS', ' PANSEMENTS ET SOINS', 'ONGLE INCARNE', 15000, 13452, 13452, 13452, 0, 13452, 13452, 1, '2021-02-02', 1, 0),
(84, ' PANSEMENTS ET SOINS', ' PANSEMENTS ET SOINS', 'SERINGAGE', 5000, 11659, 11659, 11659, 0, 11659, 11659, 1, '2021-02-02', 1, 0),
(85, 'LABORATOIRE', 'LABORATOIRE', 'RPR ', 3000, 6995, 6995, 6995, 0, 6995, 6995, 1, '2021-02-02', 1, 0),
(86, 'LABORATOIRE', 'LABORATOIRE', 'CRP', 3000, 4484, 4484, 4484, 0, 4484, 4484, 1, '2021-02-02', 1, 0),
(87, 'LABORATOIRE', 'LABORATOIRE', 'ASLO', 3000, 4484, 4484, 4484, 0, 4484, 4484, 1, '2021-02-02', 1, 0),
(88, 'LABORATOIRE', 'LABORATOIRE', 'TOXO ANTIBODIES', 5000, 17935, 17935, 17935, 0, 17935, 17935, 1, '2021-02-02', 1, 0),
(89, 'LABORATOIRE', 'LABORATOIRE', 'SRV', 3000, 3228, 3228, 3228, 0, 3228, 3228, 1, '2021-02-02', 1, 0),
(90, 'LABORATOIRE', 'LABORATOIRE', 'HEPATITE A(AgHBS)', 5000, 17935, 17935, 17935, 0, 17935, 17935, 1, '2021-02-02', 1, 0),
(91, 'LABORATOIRE', 'LABORATOIRE', 'H.PYLORI', 5000, 17935, 17935, 17935, 0, 17935, 17935, 1, '2021-02-02', 1, 0),
(92, 'LABORATOIRE', 'LABORATOIRE', 'REMATOID FACTOR', 5000, 3559, 3559, 3559, 0, 3559, 3559, 1, '2021-02-02', 1, 0),
(93, 'LABORATOIRE', 'LABORATOIRE', 'PREGNANCY TEST', 3000, 3587, 3587, 3587, 0, 3587, 3587, 1, '2021-02-02', 1, 0),
(94, 'LABORATOIRE', 'LABORATOIRE', 'HEPATITE C(AcHVC)', 5000, 17935, 17935, 17935, 0, 17935, 17935, 1, '2021-02-02', 1, 0),
(95, 'LABORATOIRE', 'LABORATOIRE', 'FULL BLOOD COUNT', 5000, 6278, 6278, 6278, 0, 6278, 6278, 1, '2021-02-02', 1, 0),
(96, 'LABORATOIRE', 'LABORATOIRE', 'BLOOD GROUPING', 5000, 4484, 4484, 4484, 0, 4484, 4484, 1, '2021-02-02', 1, 0),
(97, 'LABORATOIRE', 'LABORATOIRE', 'URINE:A:WET MOUNT', 2000, 2332, 2332, 2332, 0, 2332, 2332, 1, '2021-02-02', 1, 0),
(98, 'LABORATOIRE', 'LABORATOIRE', 'URINE:A:WET MOUNT GRAM-STAIN', 2000, 2332, 2332, 2332, 0, 2332, 2332, 1, '2021-02-02', 1, 0),
(99, 'LABORATOIRE', 'LABORATOIRE', 'VAGINAL SWAB WET MOUNT', 2000, 2332, 2332, 2332, 0, 2332, 2332, 1, '2021-02-02', 1, 0),
(100, 'LABORATOIRE', 'LABORATOIRE', 'VAGINAL SWAB GRAM-STAIN', 2000, 2332, 2332, 2332, 0, 2332, 2332, 1, '2021-02-02', 1, 0),
(101, 'LABORATOIRE', 'LABORATOIRE', 'URETHRAL SWAB: WET MOUNT', 1500, 2332, 2332, 2332, 0, 2332, 2332, 1, '2021-02-02', 1, 0),
(102, 'LABORATOIRE', 'LABORATOIRE', 'URETHRAL SWAB: GRAM-STAIN', 1500, 2332, 2332, 2332, 0, 2332, 2332, 1, '2021-02-02', 1, 0),
(103, 'LABORATOIRE', 'LABORATOIRE', 'BLOOD SMEAR ', 2000, 1346, 1346, 1346, 0, 1346, 1346, 1, '2021-02-02', 1, 0),
(104, 'LABORATOIRE', 'LABORATOIRE', 'STOOL', 1500, 1166, 1166, 1166, 0, 1166, 1166, 1, '2021-02-02', 1, 0),
(105, 'LABORATOIRE', 'LABORATOIRE', 'UREA', 3000, 2332, 2332, 2332, 0, 2332, 2332, 1, '2021-02-02', 1, 0),
(106, 'LABORATOIRE', 'LABORATOIRE', 'CREATININE:', 3000, 2332, 2332, 2332, 0, 2332, 2332, 1, '2021-02-02', 1, 0),
(107, 'LABORATOIRE', 'LABORATOIRE', 'ASAT/GOT', 3000, 2332, 2332, 2332, 0, 2332, 2332, 1, '2021-02-02', 1, 0),
(108, 'LABORATOIRE', 'LABORATOIRE', 'ALAT/GPT:', 3000, 2332, 2332, 2332, 0, 2332, 2332, 1, '2021-02-02', 1, 0),
(110, 'LABORATOIRE', 'LABORATOIRE', 'LDH:', 3500, 4484, 4484, 4484, 0, 4484, 4484, 1, '2021-02-02', 1, 0),
(111, 'LABORATOIRE', 'LABORATOIRE', 'HDL:CHOLESTEROL:', 3500, 4484, 4484, 4484, 0, 4484, 4484, 1, '2021-02-02', 1, 0),
(112, 'LABORATOIRE', 'LABORATOIRE', 'ASLO', 3000, 4484, 4484, 4484, 0, 4484, 4484, 1, '2021-02-02', 1, 0),
(113, 'LABORATOIRE', 'LABORATOIRE', 'VS', 2000, 1166, 1166, 1166, 0, 1166, 1166, 1, '2021-02-02', 1, 0),
(114, 'LABORATOIRE', 'LABORATOIRE', 'ALBUMINE', 2000, 2332, 2332, 2332, 0, 2332, 2332, 1, '2021-02-02', 1, 0),
(115, 'LABORATOIRE', 'LABORATOIRE', 'ACIDE URIQUE', 2500, 2332, 2332, 2332, 0, 2332, 2332, 1, '2021-02-02', 1, 0),
(116, 'LABORATOIRE', 'LABORATOIRE', 'ALBUMINURIE', 2000, 1346, 1346, 1346, 0, 1346, 1346, 1, '2021-02-02', 1, 0),
(117, 'LABORATOIRE', 'LABORATOIRE', 'GLUCOSURIE', 2000, 1346, 1346, 1346, 0, 1346, 1346, 1, '2021-02-02', 1, 0),
(118, 'LABORATOIRE', 'LABORATOIRE', 'WIDAL', 3000, 4484, 4484, 4484, 0, 4484, 4484, 1, '2021-02-02', 1, 0),
(119, 'hospitalisation', '', 'HOSPITALISATION', 3000, 3000, 3000, 3000, 3000, 3000, 3000, 1, '2021-02-02', 1, 0),
(120, 'CONSULTATION', ' PANSEMENTS ET SOINS', 'CONSULTATION DE SUIVIE', 2243, 2243, 2243, 2243, 2243, 2243, 2243, 1, '2021-02-02', 1, 0),
(121, 'soins', '', 'FLAGYL INJECTABLE', 2500, 0, 0, 0, 0, 0, 0, 0, '2019-07-23', 1, 0),
(122, 'soins', '', 'MEDICAL CERTIFICATE', 8500, 0, 0, 0, 0, 0, 0, 0, '2021-10-12', 1, 0),
(123, 'soins', '', 'BANDE ELASTIC', 1000, 0, 0, 0, 0, 0, 0, 0, '2019-07-23', 1, 0),
(124, 'soins', '', 'PARACETAMOL SUPPOSITOIRE125 MG,250MG', 200, 70, 70, 70, 70, 70, 70, 0, '2021-10-29', 1, 0),
(125, 'soins', '', 'DEBRIDEMENT ', 15000, 34975, 34975, 34975, 0, 34975, 34975, 1, '2021-02-02', 1, 0),
(126, 'laboratoire', '', 'TEMPS DE SAIGNEMENT', 1000, 897, 897, 897, 1000, 897, 897, 1, '2021-02-02', 1, 0),
(127, 'laboratoire', '', 'TEMPS DE COAGULATION', 1000, 897, 897, 897, 1000, 897, 897, 1, '2021-02-02', 1, 0),
(128, 'soins', '', 'CIRCONCISION THERAPEUTIQUE', 25000, 23541, 23541, 23541, 25000, 23541, 23541, 1, '2021-02-02', 1, 0),
(129, 'soins', '', 'CONSULTATION NUIT', 3000, 5141, 5141, 5141, 5141, 5141, 5141, 1, '2021-02-02', 1, 0),
(130, 'laboratoire', '', 'GPT', 2500, 2332, 2332, 2332, 2500, 2332, 2332, 1, '2021-02-02', 1, 0),
(131, 'laboratoire', '', 'TRIGLICERIDE', 3000, 4484, 4484, 4484, 4484, 4484, 4484, 1, '2021-02-02', 1, 0),
(132, 'laboratoire', '', 'CHOLESTEROLE HDL', 3500, 4484, 4484, 4484, 4484, 4484, 4484, 1, '2021-02-02', 1, 0),
(133, 'laboratoire', '', 'CHOLESTEROLE LDL', 3500, 4484, 4484, 4484, 4484, 4484, 4484, 1, '2021-02-02', 1, 0),
(134, 'soins', '', 'FREINECTOMIE', 4000, 4663, 4663, 4663, 0, 4663, 4663, 1, '2021-10-26', 1, 0),
(135, 'laboratoire', '', 'HDL', 3500, 4484, 4484, 4484, 4484, 4484, 4484, 1, '2021-02-02', 1, 0),
(136, 'laboratoire', '', 'TRIGLICERIDE', 3500, 4484, 4484, 4484, 4484, 4484, 4484, 1, '2021-02-02', 1, 0),
(137, 'laboratoire', '', 'TRIGLICERIDE', 3500, 4484, 4484, 4484, 4484, 4484, 4484, 1, '2021-02-02', 1, 0),
(138, 'laboratoire', '', 'TRIGLICERIDE', 3500, 4484, 4484, 4484, 4484, 4484, 4484, 1, '2021-02-02', 1, 0),
(139, '', '', 'INCISION FREIN LANGUEOU FREINECTOMIE', 3000, 4663, 4663, 4663, 4663, 4663, 4663, 1, '2021-02-02', 1, 0),
(140, 'soins', '', 'INSERTION NORPLAN', 5000, 2717, 2717, 0, 2717, 0, 2717, 1, '2021-02-02', 1, 0),
(141, 'soins', '', 'ABLATION NORPLAN', 5000, 5435, 7000, 0, 5435, 7000, 5435, 1, '2021-02-02', 1, 0),
(142, 'soins', '', 'EXTRACTION CORPS ETRANGER', 3500, 2690, 2690, 2690, 2690, 2690, 2690, 1, '2021-02-02', 1, 0),
(143, 'soins', '', 'SERINGUAGE 2 OREILLES', 5000, 11659, 11659, 11659, 11659, 11659, 11659, 1, '2021-02-02', 1, 0),
(144, 'DENTISTRY', 'DENTISTRY', 'Z', 0, 0, 0, 0, 0, 0, 0, 0, '2020-06-01', 1, 0),
(149, 'DENTISTRY', '', 'BIOSPSIE', 3587, 3587, 3587, 3587, 3587, 3587, 3587, 1, '2021-02-02', 1, 0),
(150, 'DENTISTRY', '', 'COIFFAGE INDIRECT', 5381, 5381, 5381, 5381, 5381, 5381, 5381, 1, '2021-02-02', 1, 0),
(151, 'DENTISTRY', '', 'COIFFAGE DIRECT', 5381, 5381, 5381, 5381, 5381, 5381, 5381, 1, '2021-02-02', 1, 0),
(152, 'DENTISTRY', '', 'CURETAGE POCHES PARODONTAIRE', 15000, 8968, 8968, 8968, 8968, 8968, 8968, 1, '2021-02-02', 1, 0),
(153, 'DENTISTRY', '', 'DETARTRAGE', 15000, 7175, 7175, 7175, 7175, 7175, 7175, 1, '2021-02-19', 1, 0),
(154, 'DENTISTRY', '', 'DEVITALISATION INCISIVE ET CANINE ET CANINE', 23316, 23316, 23316, 23316, 23316, 23316, 23316, 1, '2021-02-02', 1, 0),
(155, 'DENTISTRY', '', 'EXTRACTION DENT DE LAIT CARRIEE', 4484, 4484, 4484, 4484, 4484, 4484, 4484, 1, '2021-02-02', 1, 0),
(156, 'DENTISTRY', '', 'EXTRACTION SIMPLE(DENT DE LAIT)', 4000, 3228, 3228, 3228, 3228, 3228, 3228, 1, '2021-02-19', 1, 0),
(157, 'DENTISTRY', '', 'EXTRACTION SIMPLE (DENT DEFINITIVE)', 7000, 4484, 4484, 4484, 4484, 4484, 4484, 1, '2021-02-20', 1, 0),
(158, '', '', 'FRENECTOMIE LABIALE', 3000, 1794, 1794, 1794, 1794, 1794, 1794, 1, '2021-02-02', 1, 0),
(159, 'DENTISTRY', '', 'FRENECTOMIE LINGUALE', 3000, 1794, 1794, 1794, 1794, 1794, 1794, 1, '2021-02-02', 1, 0),
(160, 'DENTISTRY', '', 'GINGIVECTOMIE', 17935, 17935, 17935, 17935, 17935, 17935, 17935, 1, '2021-02-02', 1, 0),
(161, 'DENTISTRY', '', 'OBTURATION DEFINITIVE', 11659, 11659, 11659, 11659, 11659, 11659, 11659, 1, '2021-02-02', 1, 0),
(162, 'DENTISTRY', '', 'OBTURATION PROVISOIRE', 5000, 3587, 3587, 3587, 3587, 3587, 3587, 1, '2021-02-02', 1, 0),
(163, 'DENTISTRY', '', 'OPERCULECTOMIE', 10000, 4484, 4484, 4484, 4484, 4484, 4484, 1, '2021-02-02', 1, 0),
(164, 'DENTISTRY', '', 'RECONSTITUTION CORONAIRE', 20000, 17935, 17935, 17935, 17935, 17935, 17935, 1, '2021-02-02', 1, 0),
(165, 'DENTISTRY', '', 'RX OCCLUSALE', 5000, 5381, 5381, 5381, 5381, 5381, 5381, 1, '2021-05-29', 1, 0),
(166, 'DENTISTRY', '', 'RX RETROALVEOLAIRE', 5000, 3587, 3587, 3587, 3587, 3587, 3587, 1, '2021-05-29', 1, 0),
(167, 'DENTISTRY', '', 'EXERESE PETITE TUMEUR', 20000, 17935, 17935, 17935, 17935, 17935, 17935, 1, '2021-02-02', 1, 0),
(168, 'DENTISTRY', '', 'EXTRACTION RESTE DES RACINES', 15000, 26903, 26903, 26903, 26903, 26903, 26903, 1, '2021-03-19', 1, 0),
(169, 'DENTISTRY', '', 'KYSTECTOMIE SOUS APEXIENNE', 33629, 33629, 33629, 33629, 33629, 33629, 33629, 1, '2021-02-02', 1, 0),
(170, 'DENTISTRY', '', 'RED. LX.A.T.M', 10000, 8968, 8968, 8968, 8968, 8968, 8968, 1, '2021-02-02', 1, 0),
(171, 'DENTISTRY', '', 'REDUCTION DENTO-ALVEOLAIRE ET FIXATION', 33629, 33629, 33629, 33629, 33629, 33629, 33629, 1, '2021-02-02', 1, 0),
(172, 'DENTISTRY', '', 'SEQUESTRECTOMIE', 26903, 26903, 26903, 26903, 26903, 26903, 26903, 1, '2021-02-02', 1, 0),
(173, 'laboratoire', '', 'GLYCEMIE', 3000, 2332, 2332, 2332, 2332, 2332, 2332, 1, '2021-02-02', 1, 0),
(174, 'soins', '', 'CONSULTATION DES PARAMEDICAUX  A1 KINESTHERAPEUTE TECHNICIEN DENTAIRE OPHTALMOLOGISTE,SANTE MENTALE NUTRITIONISTE', 3000, 2690, 2690, 2690, 3000, 2690, 2690, 1, '2021-02-09', 1, 0),
(175, 'laboratoire', '', 'ECBU/DIRECT', 2000, 2332, 2332, 2332, 3000, 2332, 2332, 1, '2021-02-02', 1, 0),
(176, 'laboratoire', '', 'ECBU/GRAM STAIN', 2000, 2332, 2332, 2332, 3000, 2332, 2332, 1, '2021-02-02', 1, 0),
(177, 'laboratoire', '', 'PROTEINE/URINE', 2000, 1346, 1346, 1346, 2000, 1346, 1346, 1, '2021-02-02', 1, 0),
(178, '', '', 'SUCRES/URINE/GLUCOSURIE', 2000, 1346, 1346, 1346, 2000, 1346, 1346, 1, '2021-02-02', 1, 0),
(179, 'laboratoire', '', 'FROTTIS VAGINAL/GRAM STAIN', 2000, 2332, 2332, 2332, 2000, 2332, 2332, 1, '2021-02-02', 1, 0),
(180, 'laboratoire', '', 'GE(GOUTE EPPAISSE)', 3000, 1346, 1346, 1346, 2000, 1346, 1346, 1, '2021-10-15', 1, 0),
(181, 'laboratoire', '', 'FBC', 5000, 6278, 6278, 6278, 6278, 6278, 6278, 1, '2021-02-04', 1, 0),
(182, 'soins', '', 'INCISION D ABCES PROFOND', 15000, 11770, 11770, 11770, 15000, 11770, 11770, 1, '2021-02-02', 1, 0),
(183, 'soins', '', 'INCISION D ABCES SUPERFICIEL', 5000, 3587, 3587, 3587, 5000, 3587, 3587, 1, '2021-02-02', 1, 0),
(184, 'DENTISTRY', '', 'OBTURATION DEFINITIVE (PERMANENT FILLING SMALL', 10000, 11659, 11659, 11659, 11659, 11659, 11659, 1, '2021-02-02', 1, 0),
(185, 'DENTISTRY', '', 'DETARTRAGE AVEC TARTRELOURDS', 20000, 0, 0, 0, 0, 0, 0, 1, '2021-02-19', 1, 0),
(186, 'soins', '', 'GANTS STERILE', 300, 180, 180, 180, 180, 180, 180, 1, '2021-09-04', 1, 0),
(187, 'soins', '', 'TULLES GRAS(parafine gauze)', 2000, 2267, 2267, 2267, 2267, 2267, 2267, 1, '2021-03-09', 1, 0),
(188, 'soins', '', 'COMPRESSE STERILE', 1000, 960, 960, 960, 960, 960, 960, 1, '2021-03-09', 1, 0),
(189, 'soins', '', 'SERINGUE 2ML+AIGUILLE', 100, 42, 42, 42, 42, 42, 42, 1, '2021-03-09', 1, 0),
(190, 'soins', '', 'SERINGUE 5ML+AIGUILLE', 100, 42, 42, 42, 42, 42, 42, 1, '2021-03-09', 1, 0),
(191, 'soins', '', 'SERINGUE 10ML+AIGUILLE ', 100, 54, 54, 54, 54, 54, 54, 1, '2021-03-09', 1, 0),
(192, 'soins', '', 'NEBULSATION/1SEANCE', 3000, 2332, 2332, 2332, 3000, 2332, 2332, 1, '2021-03-10', 1, 0),
(193, 'soins', '', 'FILS DE SUTURE ETHILON 3/0 CUTING NEEDLE', 5000, 4487, 4487, 4487, 4487, 4487, 4487, 1, '2021-03-10', 1, 0),
(195, 'laboratoire', '', 'choresterole totale', 2500, 2332, 2332, 2332, 2332, 2332, 2332, 1, '2021-03-22', 1, 0),
(196, 'laboratoire', '', 'LDL', 3500, 4484, 4484, 4484, 4484, 4484, 4484, 1, '2021-03-22', 1, 0),
(197, 'soins', '', 'DIAZEPAM', 2000, 600, 600, 600, 600, 600, 600, 1, '2021-10-29', 1, 0),
(198, 'soins', '', 'TRAMADOL', 2000, 332, 332, 332, 332, 332, 332, 1, '2021-03-24', 1, 0),
(199, 'soins', '', 'ARTHESUNATE60MG IM/IV', 2000, 1000, 1000, 1000, 1000, 1000, 1000, 1, '2021-03-24', 1, 0),
(200, 'soins', '', 'ANTITETANIC SERUM 1500UI', 3000, 2800, 2800, 2800, 2800, 2800, 2800, 1, '2021-03-24', 1, 0),
(201, 'soins', '', 'LIDOCAINE2%20ML', 1000, 490, 504, 504, 504, 504, 504, 1, '2021-10-29', 1, 0),
(203, 'soins', '', 'GLUCOSE 10%', 2000, 980, 980, 980, 980, 980, 980, 1, '2021-04-07', 1, 0),
(204, 'laboratoire', '', 'GAMMA GET', 3000, 2332, 2332, 2332, 2332, 2332, 2332, 1, '2021-04-13', 1, 0),
(205, 'consultation', '', 'PARACETAMOL INJECTABLE', 2000, 2280, 2280, 2280, 2280, 2280, 2280, 1, '2021-04-17', 1, 0),
(206, 'consultation', '', 'CONSULTATION SPECIALISTE', 8000, 6726, 6726, 6726, 6726, 6726, 6726, 1, '2021-05-13', 1, 0),
(207, 'consultation', '', 'CONSULTATION SPECIALIST WEEK END ,NUIT,JOUR FERIER', 10000, 8352, 8352, 8352, 8352, 8352, 8352, 1, '2021-05-13', 1, 0),
(208, 'soins', '', 'PERFUSION', 2500, 1794, 1794, 1794, 1794, 1794, 1794, 1, '2021-06-04', 1, 0),
(209, 'soins', '', 'curetage obstetricale', 15000, 0, 0, 0, 0, 0, 0, 0, '2021-09-04', 1, 0),
(210, 'soins', '', 'VITAMINE K1 INJ  10MG/ML/AMPOULE', 2000, 264, 264, 264, 264, 264, 264, 1, '2021-10-29', 1, 0),
(211, 'soins', '', 'PARACETAMOL SUPPOSITOIRE 250 MG ', 200, 84, 84, 84, 84, 84, 84, 1, '2021-10-29', 1, 0),
(212, 'soins', '', 'TRAMADOL INJ 100MG', 2000, 300, 300, 300, 300, 300, 300, 1, '2021-10-29', 1, 0),
(213, 'laboratoire', '', 'T.S', 3000, 897, 897, 897, 897, 897, 897, 1, '2021-11-03', 1, 0),
(214, 'laboratoire', '', 'T.C', 3000, 897, 897, 897, 897, 897, 897, 1, '2021-11-03', 1, 0);

-- --------------------------------------------------------

--
-- Table structure for table `clients`
--

CREATE TABLE `clients` (
  `client_id` int(11) NOT NULL,
  `name` varchar(50) DEFAULT NULL,
  `dob` date DEFAULT NULL,
  `sex` varchar(2) DEFAULT NULL,
  `tel` varchar(15) DEFAULT NULL,
  `insurance` varchar(30) DEFAULT NULL,
  `percentage` float NOT NULL DEFAULT 100,
  `time` timestamp NOT NULL DEFAULT current_timestamp(),
  `date` date DEFAULT NULL,
  `period` varchar(30) DEFAULT NULL,
  `user` varchar(30) DEFAULT NULL,
  `status` int(11) NOT NULL DEFAULT 0
) ENGINE=InnoDB DEFAULT CHARSET=latin1;

--
-- Dumping data for table `clients`
--

INSERT INTO `clients` (`client_id`, `name`, `dob`, `sex`, `tel`, `insurance`, `percentage`, `time`, `date`, `period`, `user`, `status`) VALUES
(1, 'Belyse MUGWANEZA', '1998-08-26', 'F', '0789100700', 'UAP', 10, '2021-12-30 13:51:29', '2021-12-30', 'December-2021', 'Admin', 1),
(2, 'Sabine GISAGARA', '1998-07-19', 'F', '0784287542', 'RSSB', 15, '2021-12-30 14:09:41', '2021-12-30', 'December-2021', 'Admin', 1),
(3, 'Ariane ISHIMWE', '1992-09-12', 'F', '0789243575', 'SANLAM', 5, '2021-12-30 14:10:24', '2021-12-30', 'December-2021', 'Admin', 1),
(4, 'Jean HABONIMANA', '2000-12-27', 'M', '0789132457', 'RADIANT', 10, '2021-12-30 14:11:16', '2021-12-30', 'December-2021', 'Admin', 1),
(5, 'Boniface DUKUZUWAMBAYE', '1991-11-23', 'M', '0786541234', 'MMI', 5, '2021-12-30 14:12:17', '2021-12-30', 'December-2021', 'Admin', 1),
(6, 'Eric TAMBWE', '1993-12-12', 'M', '0788812345', 'PRIVATE', 0, '2021-12-30 14:12:57', '2021-12-30', 'December-2021', 'Admin', 1),
(9, 'Sadate SERUHARA', '1990-03-22', 'M', '0787654567', 'RSSB', 10, '2022-01-04 13:45:19', '2022-01-04', 'January-2022', 'Belyse MUGWANEZA', 1),
(10, 'Abraham KWIZERA', '1993-09-12', 'M', '+1209864536', 'SANLAM', 20, '2022-01-10 12:14:31', '2022-01-10', 'January-2022', 'Belyse ISHIMWE', 1);

-- --------------------------------------------------------

--
-- Table structure for table `consultation`
--

CREATE TABLE `consultation` (
  `cons_id` int(11) NOT NULL,
  `name` varchar(100) NOT NULL,
  `unityp` int(11) NOT NULL
) ENGINE=InnoDB DEFAULT CHARSET=utf8mb4;

--
-- Dumping data for table `consultation`
--

INSERT INTO `consultation` (`cons_id`, `name`, `unityp`) VALUES
(1, 'Normal consultation', 10000),
(2, 'Weekend consultation', 15000);

-- --------------------------------------------------------

--
-- Table structure for table `drugs`
--

CREATE TABLE `drugs` (
  `drug_id` int(11) NOT NULL,
  `code` varchar(20) NOT NULL,
  `drug_name` varchar(50) NOT NULL,
  `unityp` int(11) NOT NULL DEFAULT 100
) ENGINE=InnoDB DEFAULT CHARSET=latin1;

--
-- Dumping data for table `drugs`
--

INSERT INTO `drugs` (`drug_id`, `code`, `drug_name`, `unityp`) VALUES
(1, 'A01AA01 ', 'ELMEX SENSITIVE TUBE 50ML 2 AT 6YRS   ', 100),
(2, 'A01AA01 ', 'ELMEX SENSITIVE TUBE 75ML 6 AT 12YRS ', 100),
(3, 'A01AA01 ', 'ELMEX SENSITIVE TUBE 75ML AD     ', 100),
(4, 'A01AA01 ', 'ZYMAFLUOR TAB  1MG B/100  ', 100),
(5, 'A01AA01 ', '\"ZYMAFLUOR TAB 0', 100),
(6, 'A01AA51 ', 'PARODONTAX TOOTHPASTE 75 ML/TBE ', 100),
(7, 'A01AA51 ', 'SENSODYNE TBE 75G  ', 100),
(8, 'A01AB02 ', 'HYDROGEN PEROXYDE SOL 100ML  ', 100),
(9, 'A01AB02 ', 'HYDROGEN PEROXYD SOL 120ML  3% ', 100),
(10, 'A01AB09 ', 'DAKTARIN ORAL GEL  40 G  ', 100),
(11, 'A01AB09 ', 'MICONAZOLE ORAL GEL   20MG/G  40G ', 100),
(12, 'A01AB11 ', 'LUGOL ORAL SOL 5% 20 ML  ', 100),
(13, 'A01AB11 ', 'LYSOPAINE O R L TAB  SUBLING B/24  ', 100),
(14, 'A01AB11 ', 'PYOREX TBE 90G  ', 100),
(15, 'A01AB11 ', 'SONATEC BUCCAL SOL  ', 100),
(16, 'A01AB12 ', 'LISTERINE MOUTHWASH 250ML ', 100),
(17, 'A01AB12 ', 'COLLU-HEXTRIL SOL  40ML  ', 100),
(18, 'A01AB12 ', 'HEXTRIL MOUTHWASH SOL 200 ML  ', 100),
(19, 'A01AB18 ', 'CANDID MOUTH PAINT 15ML ', 100),
(20, 'A01AD11 ', 'BETADINE  MOUTH  WASH SOL  10%  125ML  ', 100),
(21, 'A01AD11 ', 'FLOGENCYL GEL GING. 20G ', 100),
(22, 'A01AD11 ', 'REXEDINE 1% MOUTH WASH SOL 100ML ', 100),
(23, 'A01AD11 ', 'PYRALVEX SOL 10ML  ', 100),
(24, 'A02AB01 ', 'HYDROXYDE  D\'ALUMINIUM  TAB  500MG ', 100),
(25, 'A02AB03 ', 'PHOSPHALUGEL SACHET B/26  ', 100),
(26, 'A02AB10 ', 'RELCER GEL 180ML ', 100),
(27, 'A02AD01 ', 'GASTROPULGITE SACHET  B/30 ', 100),
(28, 'A02AF01 ', 'UNIGEL SYRUP 180ML  ', 100),
(29, 'A02AF02 ', 'ULGICID SYRUP  200ML ', 100),
(30, 'A02AF02 ', 'MAALOX SACHET  B/30 ', 100),
(31, 'A02AF02 ', 'MAALOX SP  250ML ', 100),
(32, 'A02AH ', 'CITROSODA 100G SACHET B/8 ', 100),
(33, 'A02BA01 ', 'CIMETIDINE   400MG TAB ', 100),
(34, 'A02BA01 ', 'CIMETIDINE  INJ 200MG/ 2ML ', 100),
(35, 'A02BA01 ', 'CIMETIDINE  TAB 200MG ', 100),
(36, 'A02BA02 ', 'AZANTAC 75MG  TAB EFF ', 100),
(37, 'A02BA02 ', 'RANITIDINE INJ 50MG/2ML ', 100),
(38, 'A02BA02 ', 'RANITIDINE TAB  150MG ', 100),
(39, 'A02BA02 ', 'RANITIDINE TAB  300MG ', 100),
(40, 'A02BC01 ', 'OMEPRAZOLE CAPS 20MG ', 100),
(41, 'A02BC02 ', 'PANTOPRAZOLE TAB 20 MG  ', 100),
(42, 'A02BC02 ', 'PANTOPRAZOLE TAB 40MG ', 100),
(43, 'A02BC03 ', 'LANSOPRAZOLE CAPS 30MG   ', 100),
(44, 'A02BC05 ', 'ESOMEPRAZOLE CAPS 20MG ', 100),
(45, 'A02BC05 ', 'ESOMEPRAZOLE CAPS 40MG  ', 100),
(46, 'A02BC05 ', 'ESOMEPRAZOLE INJ. 40MG  ', 100),
(47, 'A02BC05 ', 'NEXIUM  IV  INJECTION 5 ML  ', 100),
(48, 'A02BC05 ', 'NEXIUM 10MG GRANULES SACHET – PEDIATRIQUE ', 100),
(49, 'A02BD06 ', 'ESOFAG KIT  TAB B/7 ', 100),
(50, 'A02BX02 ', 'ULCAR 1GR TAB  B/30 ', 100),
(51, 'A02BX02 ', 'ULCAR 1GR 1SACHET B/30  ', 100),
(52, 'A02BX13 ', 'GAVISCON SP 200ML ', 100),
(53, 'A02BX13 ', 'GAVISCON TAB  260MG B/20 ', 100),
(54, 'A03AA04 ', 'DUSPATALIN SP.BUV. 1BOTTLE 200ML   ', 100),
(55, 'A03AA04 ', 'DUSPATALIN TAB  100MG  B/30  ', 100),
(56, 'A03AA04 ', 'DUSPATALIN TAB  135MG  B/30  ', 100),
(57, 'A03AA04 ', 'DUSPATALIN TAB  200MG  B/30  ', 100),
(58, 'A03AA05 ', 'DEBRIDAT SP 250 ML ', 100),
(59, 'A03AA05 ', 'DEBRIDAT SP BABY  125ML  ', 100),
(60, 'A03AA05 ', 'DEBRIDAT TAB 100MG B/30  ', 100),
(61, 'A03AA05 ', 'DEBRIDAT TAB 200MG B/30  ', 100),
(62, 'A03AB06 ', 'SPASMOMEN TAB 40MG  ', 100),
(63, 'A03AD01 ', 'PAPAVERINE INJ 40MG/ML ', 100),
(64, 'A03AD01 ', 'PAPAVERINE TAB  40MG  ', 100),
(65, 'A03AD02 ', 'NOSPA 40MG/2ML INJ B/25 VIAL  ', 100),
(66, 'A03AD02 ', 'NOSPA TAB 40MG B/100  B/20  ', 100),
(67, 'A03AD02 ', 'SPASCOL TAB  ', 100),
(68, 'A03AX12 ', 'SPASFON  INJ 1 AMP 4 ML  B/6AMP  ', 100),
(69, 'A03AX12 ', 'SPASFON SUPPO B/10  ', 100),
(70, 'A03AX12 ', 'SPASFON TAB 80 MG   B/30  ', 100),
(71, 'A03AX12 ', 'SPASFON-LYOC ORAL TAB B/10  ', 100),
(72, 'A03AX13 ', 'FLATORIL GEL 200MG   ', 100),
(73, 'A03AX13 ', 'POLYSILANE GEL SACH. B/15 ', 100),
(74, 'A03B  ', '\"ATROPINE INJ 0', 100),
(75, 'A03B  ', 'ATROPINE INJ 1MG/ML  1ML/AMPOULE ', 100),
(76, 'A03BB01 ', 'BUTYLSCOPOLAMINE 10 MG TAB ', 100),
(77, 'A03BB01 ', 'BUTYLSCOPOLAMINE 10 MG TAB ', 100),
(78, 'A03D ', 'DOLOSPAM  TAB ( B/10) ', 100),
(79, 'A03F01 ', 'METOCLOPRAMIDE  INJ 10MG/2ML ', 100),
(80, 'A03F01 ', 'METOCLOPRAMIDE TAB  10MG ', 100),
(81, 'A03F01 ', 'PRIMPERAN BB SUPPO  B/10 ', 100),
(82, 'A03F01 ', 'PRIMPERAN OR. SOL 60ML ', 100),
(83, 'A03F01 ', 'PRIMPERAN SUPPO AD B/10 ', 100),
(84, 'A03F01 ', 'PRIMPERAN SYRUP 200ML ', 100),
(85, 'A03FA03 ', 'DOMPERIDONE SYRUP  ', 100),
(86, 'A03FA03 ', 'DOMPERIDONE TAB 10MG  ', 100),
(87, 'A03FA03 ', 'MOTILIUM ORAL.SOL 200ML  ', 100),
(88, 'A03FA03 ', 'MOTILIUM PAED. SOL 100ML  ', 100),
(89, 'A03FA03 ', 'MOTILIUM SUPPO AD 60MG B/6  ', 100),
(90, 'A03FA03 ', 'MOTILIUM TAB  10MG B/40  ', 100),
(91, 'A04AA01 ', 'EMITINO INJ 4MG/2ML   ', 100),
(92, 'A04AA01 ', 'ONDANSETRON SP 2MG/5ML 30ML   ', 100),
(93, 'A04AA01 ', 'ONDANSETRON TAB 4MG B/10 ', 100),
(94, 'A04AA01 ', 'ONSETRON TAB 8 MG DENK  ', 100),
(95, 'A05AA02 ', 'URSOCHOL 150MG TAB   ', 100),
(96, 'A05AA02 ', 'URSOCHOLIC ACID 300MG FORTE ', 100),
(97, 'A05BA01 ', 'ROCMALINE ORAL SOL VIAL/AMP 10 ML B/20', 100),
(98, 'A05BA03 ', 'LEGALON TAB 70MG B/40  ', 100),
(99, 'A06AA01 ', 'PARAFFINE OIL 100ML OR 125ML ', 100),
(100, 'A06AB02 ', 'BISACODYL TAB 5MG  ', 100),
(101, 'A06AB02 ', 'DULCOLAX 10MG SUPPO B/6 ', 100),
(102, 'A06AB08 ', 'SKILAX GOUTTE 15ML 1FL ', 100),
(103, 'A06AD11 ', 'DUPHALAC SACHET B/20   ', 100),
(104, 'A06AD11 ', 'DUPHALAC SACHET B/20   ', 100),
(105, 'A06AD15 ', 'FORLAX  POWDER SACHET 4GR   B/10  ', 100),
(106, 'A06AD15 ', 'FORLAX PWDER SACHET 10G  ', 100),
(107, 'A06AD15 ', 'PECOL ORAL SOLUTION 137.15G 1SACHET', 100),
(108, 'A06AD17 ', 'FLEET PHOSPHOSODA 45 ml ', 100),
(109, 'A06AG11 ', 'MICROLAX FROSTBITTEN GELEE  BABY TUBE B/4', 100),
(110, 'A06AG11 ', '\"MICROLAX FROSTBITTEN GELEE TBE CAN. 6', 100),
(111, 'A06AX01 ', 'GLYCERINE SUPPO AD. B/10 ', 100),
(112, 'A06AX01 ', 'GLYCERINE SUPPO BABY B/10 ', 100),
(113, 'A06AX01 ', 'GLYCERINE SUPPO CHILD B/10 ', 100),
(114, 'A07AA02 ', 'NYSTATINE ORAL SP.24 DOSES 30ML ', 100),
(115, 'A07AA02 ', 'NYSTATINE ORAL TAB A 500.000 UI ', 100),
(116, 'A07AA06 ', 'UNIBROL 125MG/5ML SP 60ML/BOTTLE ', 100),
(117, 'A07AA06 ', 'UNIBROL TAB 250MG B/24  ', 100),
(118, 'A07AX03 ', 'ERCEFURYL CAPS.  200 MG  B/28  ', 100),
(119, 'A07AX03 ', 'ERCEFURYL SP 90ML ', 100),
(120, 'A07BA01 ', 'CHARBON ACTIVE 12 TAB 5MG ', 100),
(121, 'A07BA51 ', 'CARBOBEL SIMPLEX TAB 30 ', 100),
(122, 'A07BC05 ', 'SMECTA SACHET 3G ', 100),
(123, 'A07BC54 ', 'ACTAPULGITE AD. SACHET 3G B/30. ', 100),
(124, 'A07BC54 ', 'ACTAPULGITE PAED.  SACHET 1G B/20. ', 100),
(125, 'A07CA ', 'SRO ', 100),
(126, 'A07DA03 ', 'IMODIUM SYRUP 90 ML ', 100),
(127, 'A07DA03 ', 'LOPERAMIDE TAB 2MG ', 100),
(128, 'A07FA02 ', 'ULTRALEVURE 100MG SACHETS B/20  ', 100),
(129, 'A07FA02 ', 'ULTRALEVURE 250MG SACHETS  B/10  ', 100),
(130, 'A07FA02 ', 'ULTRALEVURE 50MG CAPS  ', 100),
(131, 'A09AA02 ', 'CREON CAPS. 12000 U  B/60 ', 100),
(132, 'A10AB01 ', 'INSUMAN RAPIDE INJ. ', 100),
(133, 'A10AB03 ', 'INSULINE HM  1 BOTTLE 10 ML 100 UI/ML RAPID', 100),
(134, 'A10AD01 ', 'INSUMAN COMBO 30/70 INJ. ', 100),
(135, 'A10AD03 ', 'INSULINE MIXTARD 30/70 100UI/ML BOTTLE /10 ML', 100),
(136, 'A10AE01 ', 'INSUMAN BASALE LENTE INJ. ', 100),
(137, 'A10AE03 ', 'INSULATARD INJ. 100UI/ ML10 ML  ', 100),
(138, 'A10BA02 ', 'GLUCOPHAGE RETARD TAB  850MG B/20  ', 100),
(139, 'A10BA02 ', 'GLUCOPHAGE TAB  500MG B/60 ', 100),
(140, 'A10BA02 ', 'METFORMIN-DENK TAB 1000MG  ', 100),
(141, 'A10BA02 ', 'METFORMINE SUSTAINED RELEASE  TAB 1000MG ', 100),
(142, 'A10BA02 ', 'METFORMINE TAB  500MG ', 100),
(143, 'A10BA02 ', 'METFORMINE TAB  850MG  ', 100),
(144, 'A10BB01 ', 'GLIBENCLAMIDE TAB  5MG ', 100),
(145, 'A10BB09 ', 'UNI DIAMICRON B/30 ', 100),
(146, 'A10BB09 ', 'GLICLAZIDE TAB  80MG B/20 ', 100),
(147, 'A10BB12 ', 'AMAREL TAB 1MG  B/30  ', 100),
(148, 'A10BB12 ', 'AMAREL TAB 2MG  B/30 ', 100),
(149, 'A10BB12 ', 'AMAREL TAB 3MG B/30 ', 100),
(150, 'A10BB12 ', 'AMAREL TAB 4MG  B/30 ', 100),
(151, 'A10BB12 ', 'GLIMEPIRIDE  TAB 2MG B/30 ', 100),
(152, 'A10BB12 ', 'GLIMEPIRIDE  TAB 3MG B/30 ', 100),
(153, 'A10BB12 ', 'GLYSET TAB 1MG  ', 100),
(154, 'A10BB12 ', 'GLYSET TAB 4MG ', 100),
(155, 'A10BD02 ', '\"AMARYL M/MSR 2MG /500 MG', 100),
(156, 'A10BD07 ', 'SITAMET TAB 50/1000 ', 100),
(157, 'A10BD07 ', 'SITAMET TAB 50/500 ', 100),
(158, 'A10BD08 ', 'GALVUS 50MG /METFORMINE 1000 MG TAB', 100),
(159, 'A10BD08 ', 'GALVUS 50MG /METFORMINE 500 MG TAB ', 100),
(160, 'A10BD08 ', 'GALVUS 50MG /METFORMINE 850 MG TAB ', 100),
(161, 'A10BF01 ', 'GLUCOBAY 50MG TAB   ', 100),
(162, 'A10BH01 ', 'SITAGLIPTIN TAB 100MG ', 100),
(163, 'A10BH01 ', 'SITAGLIPTIN TAB 50MG ', 100),
(164, 'A10BH02 ', 'GALVUS TAB 50 MG B/30 ', 100),
(165, 'A11AA03 ', 'MULTIVITAMIN SYRUP 100ML ', 100),
(166, 'A11AA03 ', 'MULTIVITAMIN SYRUP 60ML ', 100),
(167, 'A11AA03 ', 'MULTIVITAMIN TAB ', 100),
(168, 'A11CA01 ', 'VITAMIN A 50 000 UI  ', 100),
(169, 'A11CA01 ', 'VITAMIN A CAPS 100 000 UI  ', 100),
(170, 'A11CA01 ', 'VITAMIN A CAPS. 200 000 UI  ', 100),
(171, 'A11CA02 ', 'DIFRAREL TAB 100MG  B/24  ', 100),
(172, 'A11CC04 ', 'MEDITROL  CAPS B/30 ', 100),
(173, 'A11CC05 ', 'VITAMIN D CURE ORAL DROP ', 100),
(174, 'A11DA01 ', 'BENERVA TAB 300MG B/20 ', 100),
(175, 'A11DA01 ', 'VITAMIN B 1 INJ 100MG/2ML  ', 100),
(176, 'A11DA01 ', 'VITAMIN B1 TAB 100MG ', 100),
(177, 'A11DA01 ', 'VITAMIN B1 TAB 50MG  ', 100),
(178, 'A11DA02 ', 'SURMENALIT 200MG 1 COMP  ', 100),
(179, 'A11DB ', 'NEUROBION INJ 100 MG 3 ML ', 100),
(180, 'A11DB ', 'NEUROBION TAB ', 100),
(181, 'A11DB ', 'NEUROCARE CAPS B/30 ', 100),
(182, 'A11DB ', 'NEUROCARE FORTE CAPS B/30 ', 100),
(183, 'A11DB ', 'NEURORUBINE FORTE TAB ', 100),
(184, 'A11DB ', 'NEURORUBINE IM AMP ', 100),
(185, 'A11DB ', 'TRIBEES FORTE  B/20 ', 100),
(186, 'A11DB ', 'VIT-B-DENK 10x10 COMP.  1100MG/200MG', 100),
(187, 'A11EA ', 'VITAMIN B COMPLEXE  INJ. 2 ML ', 100),
(188, 'A11EA ', 'VITAMIN B COMPLEXE TAB ', 100),
(189, 'A11EX ', 'LIVOLIN CAPS  ', 100),
(190, 'A11EX ', 'NAT B CAP B/30 ', 100),
(191, 'A11GA01 ', 'VITAMIN C TAB  500MG  ', 100),
(192, 'A11HA02 ', 'VITAMIN B 6 INJ 100MG/2 ML  ', 100),
(193, 'A11HA02 ', 'VITAMIN B 6 TAB 100MG  ', 100),
(194, 'A11HA02 ', 'VITAMIN B 6 TAB 50MG  ', 100),
(195, 'A11HA03 ', 'OPTOVIT E 200UI 1CAPS  ', 100),
(196, 'A11HA03 ', 'ENAT  CAPS  400 UI B/30  ', 100),
(197, 'A11HA30 ', 'BEPANTHENE TAB 100MG B/60  ', 100),
(198, 'A12AX ', 'CALCIUM 20 EFF.TAB. SANDOZ 500MG ', 100),
(199, 'A12AX ', 'CALCIUM GLUCONATE 10%  INJ 10ML ', 100),
(200, 'A12AX ', 'CALCIUM LACTATE TAB 300MG ', 100),
(201, 'A12AX ', 'IDEOS TUBE/15 ', 100),
(202, 'A12AX ', 'CALCIUM VIT D3  CAPS ', 100),
(203, 'A12AX ', 'CALCIVITA CAPS  B/50 ', 100),
(204, 'A12AX ', 'ZEDCAL TAB ', 100),
(205, 'A12BA01 ', 'KALEORID LP TAB 600MG B/30 ', 100),
(206, 'A12CB01 ', 'ZINC SULFATE TAB 10MG  ', 100),
(207, 'A12CB01 ', 'ZINC SULFATE TAB 20MG  ', 100),
(208, 'A12CC02 ', 'MAGNESIUM SULFATE   1 GR/10ML  ', 100),
(209, 'A12CC30 ', 'ACTIMAG SYRUP 100ML ', 100),
(210, 'A12CC30 ', 'MAGNE B6 TAB B/50  ', 100),
(211, 'A13 ', 'STIMOL  OR. SOL  10 ML B/18   ', 100),
(212, 'A15 ', 'DYNAMOGEN OR. SOL B/20  ', 100),
(213, 'A15  ', 'BECOACTIN SYRUP 200ML ', 100),
(214, 'B01AA03 ', 'MAREVAN TAB 5MG  ', 100),
(215, 'B01AA07 ', 'SINTROM TAB  4MG B/30  ', 100),
(216, 'B01AA07 ', 'SINTROM TAB  MITIS 1MG B/50  ', 100),
(217, 'B01AB01 ', '\"CALCIPARINE AMP 0', 100),
(218, 'B01AB01 ', '\"HEPARINE  INJ 5.000 UI/ML', 100),
(219, 'B01AB05 ', '\"CLEXANE OR LOVENOX  0', 100),
(220, 'B01AB05 ', '\"CLEXANE OR LOVENOX  0', 100),
(221, 'B01AB05 ', 'CLEXANE OR LOVENOX INJ 0.6ML  ', 100),
(222, 'B01AB05 ', '\"CLEXANE OR LOVENOX  0', 100),
(223, 'B01AB05 ', 'LOMOH -40   INJ 40MG/0.4ML ', 100),
(224, 'B01AC04 ', 'CLOPIDOGREL 75 MG  TAB B/30 ', 100),
(225, 'B01AC04 ', 'PLAVIX  75  MG  TAB B/30  ', 100),
(226, 'B01AC06 ', 'CARDISPRIN GASTRO-RESISTANT TAB 75MG B/28', 100),
(227, 'B01AC06 ', '\"ACETYLSALISYLIC ACID TAB 75MG', 100),
(228, 'B01AC06 ', 'ASAFLOW 160 MG TAB. ', 100),
(229, 'B01AC06 ', 'ASAFLOW  TAB 80MG   ', 100),
(230, 'B01AC06 ', 'CARDIO ASPIRINE TAB 100MG ', 100),
(231, 'B01AC07 ', 'PERSANTINE TAB  75MG B/50  ', 100),
(232, 'B01AC30 ', 'NOCLOT-EA TAB ', 100),
(233, 'B01AF01 ', 'XARELTO TAB 20MG ', 100),
(234, 'B02AA02 ', 'EXACYL  INJ 500MG/5ML  ', 100),
(235, 'B02AA02 ', 'EXACYL TAB 250MG  ', 100),
(236, 'B02AA02 ', 'EXACYL TAB 500MG  B/20  ', 100),
(237, 'B02AA02 ', 'PAUSE  TAB 500MG   B/30 ', 100),
(238, 'B02BA01 ', 'VIT K1 1MG/ML INJ  ', 100),
(239, 'B02BA01 ', 'VITAMIN K1  INJ 10MG/ML AMP /1ML  ', 100),
(240, 'B02BX01 ', 'DICYNONE INJ 250MG/2ML 1 AMP  ', 100),
(241, 'B02BX01 ', 'DICYNONE TAB  500MG B/20  ', 100),
(242, 'B02BX01 ', 'DICYNONE TAB 250MG B/20  ', 100),
(243, 'B03AB02 ', '\"ENCIFER 20 MG INJ', 100),
(244, 'B03AB05 ', 'MUMFER SYRUP  ', 100),
(245, 'B03AD03 ', 'FEFOL CAPS B/30 ', 100),
(246, 'B03AD03 ', 'FEMIFER SYRUP 200ML  ', 100),
(247, 'B03AD03 ', 'FERCEFOL SYRUP 150ML ', 100),
(248, 'B03AD03 ', 'FERCEFOL TAB B/30 ', 100),
(249, 'B03AD03 ', 'FOLIC ACID+FER SULFATE TAB ', 100),
(250, 'B03AE01 ', 'AMIFER  200ML  ', 100),
(251, 'B03AE10 ', 'FERO-B COMPLEX  SYRUP 60ML ', 100),
(252, 'B03AE10 ', 'TRANSFERON  TAB B/30 ', 100),
(253, 'B03AE10 ', 'TOT\'HEMA ORAL SOL AMP. B/20  ', 100),
(254, 'B03BA01 ', 'VITAMIN B12 INJ 1MG/2ML  ', 100),
(255, 'B03BA05 ', 'MECONERV CAPS  B/ 30  ', 100),
(256, 'B03BB01 ', 'FOLIC ACID  TAB 5MG ', 100),
(257, 'B03XA01 ', 'ERYTHROPOIETINE  4000 I.U INJ ', 100),
(258, 'B05AA01 ', 'ALBUMINE HUMAN 20% BOTTLE 100ML  ', 100),
(259, 'B05BB01 ', 'RINGER\'S LACTATE SOL  500ML  ', 100),
(260, 'B05BC01 ', 'MANITOL INJ 20% 100ML ', 100),
(261, 'B05CX01 ', 'DEXTROSE SOL  5% 1L ', 100),
(262, 'B05CX01 ', '\"DEXTROSE SOL  50%', 100),
(263, 'B05CX01 ', 'DEXTROSE SOL 10% 250ML ', 100),
(264, 'B05CX01 ', 'DEXTROSE SOL 5% 500ML ', 100),
(265, 'B05CX01 ', 'DEXTROSE SOL GLUC. 10%+IONS 250ML ', 100),
(266, 'B05XA01 ', 'POTASSIUM CHLORIDE  SOL   8.4% ', 100),
(267, 'B05XA02 ', '\"SODIUM BICARBONATE SOL  INJ 8', 100),
(268, 'B05XA03 ', 'NORMAL SALINE  0.9% SOL  500ML ', 100),
(269, 'C01AA05 ', '\"DIGOXINE  INJ 0', 100),
(270, 'C01AA05 ', '\"DIGOXINE PAEDIATRIC SOL 0', 100),
(271, 'C01AA05 ', '\"DIGOXINE TAB 0', 100),
(272, 'C01BD01 ', 'AMIODARONE TAB 200 MG ', 100),
(273, 'C01BD01 ', 'CORDARONE TAB 200MG  B/30 ', 100),
(274, 'C01CA01 ', 'EFFORTIL  0.75% ORAL SOL. 30 ML ', 100),
(275, 'C01CA01 ', 'EFFORTIL  INJ.  B/6  ', 100),
(276, 'C01CA01 ', 'EFFORTIL TAB 5MG B/20  ', 100),
(277, 'C01CA04 ', 'DOPAMINE 40MG/ML  INJ 2ML/VIAL ', 100),
(278, 'C01CA26 ', 'EPHEDRINE  INJ AMP  50MG/ML ', 100),
(279, 'C01CA26 ', 'EPHEDRINE TAB  30MG ', 100),
(280, 'C01DA02 ', 'TRINITRINE  TAB  0.15MG  ', 100),
(281, 'C01DA02 ', '\"TRINITRINE 0', 100),
(282, 'C01DA08 ', 'CEDOCARD TAB  5MG B/60   ', 100),
(283, 'C01DA08 ', 'CEDOCARD TAB 10MG B/60   ', 100),
(284, 'C01DA08 ', 'ISOSORBIDE DINITRATE TAB 10MG ', 100),
(285, 'C01DA08 ', 'RISORDAN  TAB 20MG B/60  ', 100),
(286, 'C01DA08 ', 'RISORDAN  TAB 20MG LP B/60  ', 100),
(287, 'C01DX08 ', 'HEPT-A-MYL ORAL SOL  20ML ', 100),
(288, 'C01DX08 ', 'HEPT-A-MYL TAB 187.8 MG  B/20 ', 100),
(289, 'C01EB15 ', 'VASTAREL 35 MG 60 TAB   ', 100),
(290, 'C01EB15 ', 'VASTAREL TAB 20MG  ', 100),
(291, 'C02AB01 ', 'METHYLDOPA TAB  250MG  ', 100),
(292, 'C02AC01 ', '\"CATAPRESSAN AMP INJ 0', 100),
(293, 'C02AC01 ', '\"CATAPRESSAN TAB  0', 100),
(294, 'C02AC01 ', 'CLONIDINE  INJ. 150MCG/ML B/5 1AMP ', 100),
(295, 'C02AC01 ', 'CLONIDINE 150MCG TAB ', 100),
(296, 'C02CA01 ', 'MINIPRESS TAB 1MG  ', 100),
(297, 'C02CA01 ', 'MINIPRESS TAB 5MG  ', 100),
(298, 'C02DB02 ', 'HYDRALAZINE   INJ 20MG ', 100),
(299, 'C02LA01 ', 'TENSIONORME B/24 TAB  ', 100),
(300, 'C03AA03 ', 'HYDROCHLOROTHIAZIDE TAB  25MG ', 100),
(301, 'C03AA03 ', 'ESIDREX 25MG 1TAB ', 100),
(302, 'C03AA03 ', 'HYDROCHLOROTHIAZIDE TAB  50MG ', 100),
(303, 'C03BA04 ', 'HYGROTON TAB  100MG B/20 ', 100),
(304, 'C03BA04 ', 'HYGROTON TAB  25MG B/30  ', 100),
(305, 'C03BA04 ', 'HYGROTON TAB  50MG  B/30  ', 100),
(306, 'C03BA11 ', 'FLUDEX TAB 1.5MG ', 100),
(307, 'C03BA11 ', 'FLUDEX TAB 2.5MG ', 100),
(308, 'C03CA01 ', 'FUROSEMIDE  INJ 20MG/2ML  ', 100),
(309, 'C03CA01 ', 'FUROSEMIDE TAB  40MG ', 100),
(310, 'C03CA04 ', 'TORSINEX  TAB 10MG ', 100),
(311, 'C03CA04 ', 'TORSINEX TAB 20MG ', 100),
(312, 'C03CA04 ', 'TORAS-DENK TAB 5MG  ', 100),
(313, 'C03DA01 ', 'ALDACTONE  TAB  25MG B/50  ', 100),
(314, 'C03DA01 ', 'ALDACTONE TAB 100 MG  ', 100),
(315, 'C03DA01 ', 'ALDACTONE TAB 50 MG  ', 100),
(316, 'C03DA01 ', 'SPIRONOLACTONE TAB 100MG ', 100),
(317, 'C03DA01 ', 'SPIRONOLACTONE TAB 25MG ', 100),
(318, 'C03EA01 ', 'MODURETIC TAB  5MG/50MG  ', 100),
(319, 'C03EA04 ', 'ALDACTAZINE TAB   25 MG B/20  ', 100),
(320, 'C04AD03 ', 'TORENTAL  400 MG 60 DGRS. ', 100),
(321, 'C04AE01 ', 'HYDERGINE ORAL SOL 15ML  ', 100),
(322, 'C04AE01 ', 'HYDERGINE ORAL SOL 40ML OR 50ML  ', 100),
(323, 'C04AE01 ', '\"HYDERGINE TAB  1', 100),
(324, 'C04AE01 ', '\"HYDERGINE TAB  4', 100),
(325, 'C04AX21 ', 'PRAXILENE TAB 100  MG B/20  ', 100),
(326, 'C05AD04 ', 'SCHERIPROCT OINT 10 G  ', 100),
(327, 'C05AD04 ', 'SCHERIPROCT OINT 30G  ', 100),
(328, 'C05AD04 ', 'SCHERIPROCT SUPPO B/12  ', 100),
(329, 'C05AX03 ', 'ANTI - HAEMORRHOID OINT 30G ', 100),
(330, 'C05AX03 ', 'ANTI - HAEMORRHOID SUPPO ', 100),
(331, 'C05AX04 ', 'TITANOREINE CREAM / OINT 20G  ', 100),
(332, 'C05AX04 ', 'TITANOREINE SUPPO  B/12  ', 100),
(333, 'C05AX04 ', 'ZINC OXYDE  OINT 10% 50G ', 100),
(334, 'C05BA03 ', 'LIOTON GEL 1000 IU ', 100),
(335, 'C05BB02 ', 'AETOXYSCLEROL AMP 5X2ml 1%  ', 100),
(336, 'C05BB02 ', 'AETOXYSCLEROL AMP 5X2ML 2%  ', 100),
(337, 'C05CA05 ', 'VENOSMIL CAPS 200MG B/20  ', 100),
(338, 'C05CA05 ', 'VENOSMIL GEL 60G/TBE   ', 100),
(339, 'C05CA53 ', 'DAFLON TAB 500MG  B/30 ', 100),
(340, 'C05CA53 ', 'PHLEBODIA TAB 600MG  ', 100),
(341, 'C07AA05 ', 'INDERAL TAB 10MG  ', 100),
(342, 'C07AA05 ', 'PROPRANOLOL TAB  40MG ', 100),
(343, 'C07AA07 ', 'SOTALEX 160 MG TAB  B/5  ', 100),
(344, 'C07AB02 ', 'LOPRESSOR 100 MG TAB B/100  ', 100),
(345, 'C07AB02 ', 'LOPRESSOR TAB 200 MG B/100  ', 100),
(346, 'C07AB03  ', 'ATENOLOL TAB 100MG ', 100),
(347, 'C07AB03  ', 'ATENOLOL TAB 25MG ', 100),
(348, 'C07AB03  ', 'ATENOLOL TAB 50MG ', 100),
(349, 'C07AB04 ', 'SECTRAL 400 MG TAB  ', 100),
(350, 'C07AB04 ', 'SECTRAL TAB  200MG B/20  ', 100),
(351, 'C07AB07 ', 'ISOTEN   TAB 5MG ', 100),
(352, 'C07AB07 ', 'ISOTEN  TAB 10MG  ', 100),
(353, 'C07AB12 ', 'NEBILONG TAB 5MG  ', 100),
(354, 'C07AB57 ', 'ZIAK TAB 10/6.25 ', 100),
(355, 'C07AB57 ', 'ZIAK TAB 5/6.25 ', 100),
(356, 'C07AG01 ', 'TRANDATE  TAB 100MG ', 100),
(357, 'C07AG02 ', 'CARVEDILOL  25 MG TAB ', 100),
(358, 'C07AG02 ', 'CARVEDILOL  6.25 MG TAB ', 100),
(359, 'C07AG02 ', 'CARVEDILOL  DENK  25MG TAB ', 100),
(360, 'C07AG02 ', 'CARVEDILOL  DENK  6.25 MG TAB ', 100),
(361, 'C07AG02 ', '\"CARVEDILOL 12', 100),
(362, 'C07BB03 ', 'TENORETIC TAB 100/25 MG  ', 100),
(363, 'C07BB03 ', 'TENORETIC TAB 50/12.5MGR  ', 100),
(364, 'C07BB12 ', '\"NEBIVOLOL 5MG + HYDROCHLORTHIAZIDE 12', 100),
(365, 'C07FB12 ', 'NEBIVOLOL 5 MG + AMLODIPINE 5MG TAB B/30 ', 100),
(366, 'C08CA01 ', 'AMLODIPINE  TAB 5MG ', 100),
(367, 'C08CA01 ', 'AMLODIPINE TAB 10MG ', 100),
(368, 'C08CA01  ', '\"ASOMEX TABS 2', 100),
(369, 'C08CA01  ', 'ASOMEX TAB 5MG ', 100),
(370, 'C08CA02 ', 'PLENDIL  10MG TAB    ', 100),
(371, 'C08CA02 ', 'PLENDIL 5 MG ', 100),
(372, 'C08CA05 ', 'ADALATE OROS  TAB 30MG ', 100),
(373, 'C08CA05 ', 'NIFEDI-DENK TAB  10MG  ', 100),
(374, 'C08CA05 ', 'NIFEDI-DENK TAB 20MG SR  ', 100),
(375, 'C08CA05 ', 'NIFÉDIPINE 10 MG   TAB    ', 100),
(376, 'C08CA05 ', 'NIFEDIPINE 20 MG  TAB   ', 100),
(377, 'C08DA01 ', 'ISOPTINE 80 MG 50 DRAGÉES ', 100),
(378, 'C08DA01 ', 'ISOPTINE TAB 120MG ', 100),
(379, 'C08DA01 ', 'ISOPTINE TAB LP 240MG ', 100),
(380, 'C08DA01 ', 'ISOPTINE TAB 40MG B/50 ', 100),
(381, 'C08DB01 ', 'TILDIEM TAB 60MG ', 100),
(382, 'C08DB01 ', 'TILDIEM  CAPS 200MG ', 100),
(383, 'C08GA02 ', 'AMLODIPINE 5MG +HYDROCHLORTHIAZIDE 12.5 MG  ', 100),
(384, 'C08GA02 ', 'NATRIXAM  TAB 10MG B/30  ', 100),
(385, 'C08GA02 ', 'NATRIXAM TAB 5MG B/30  ', 100),
(386, 'C09AA01 ', 'CAPTOPRIL TAB  25 MG  ', 100),
(387, 'C09AA01 ', 'CAPTOPRIL TAB 50MG ', 100),
(388, 'C09AA01 ', 'CAPTOPRIL+ HYDROCHLOROTHIAZIDE-DENK 50/25 TAB ', 100),
(389, 'C09AA01 ', 'CAPTOPRIL-DENK TAB  25 MG  ', 100),
(390, 'C09AA02 ', 'ENA-DENK TAB 10MG  ', 100),
(391, 'C09AA02 ', 'ENA-DENK TAB 20MG    ', 100),
(392, 'C09AA02 ', 'ENALAPRIL TAB 10MG  ', 100),
(393, 'C09AA02 ', 'ENALAPRIL TAB 20MG  ', 100),
(394, 'C09AA02 ', 'ENALAPRIL TAB 5MG   ', 100),
(395, 'C09AA02 ', 'RENITEC TAB 20MG B/28  ', 100),
(396, 'C09AA02 ', 'RENITEC TAB  5MG B/28 ', 100),
(397, 'C09AA03 ', 'LISINOPRIL TAB 10MG B/28  ', 100),
(398, 'C09AA03 ', 'LISINOPRIL TAB 20 MG  ', 100),
(399, 'C09AA03 ', 'LISINOPRIL TAB 5MG B/28  ', 100),
(400, 'C09AA03 ', 'ZESTRIL TAB 20 MG B/28  ', 100),
(401, 'C09AA03 ', 'ZESTRIL TAB 5 MG B/28  ', 100),
(402, 'C09AA04 ', 'COVERSYL TAB 10MG  ', 100),
(403, 'C09AA04 ', 'COVERSYL TAB 5MG B/30  ', 100),
(404, 'C09AA05 ', '\"TRIATEC TAB 2', 100),
(405, 'C09AA05 ', 'TRIATEC TAB 10MG ', 100),
(406, 'C09AA05 ', 'TRIATEC  TAB 5MG ', 100),
(407, 'C09AA05 ', 'GENPRESS  TAB 2.5 MG  ', 100),
(408, 'C09AA05 ', 'GENPRESS TAB 1.25 MG   ', 100),
(409, 'C09AA05 ', 'GENPRESS TAB 5 MG   ', 100),
(410, 'C09BA01 ', 'CARDIURINE TAB ', 100),
(411, 'C09BA02 ', 'ENALAPRIL 20 MG+HYDROCHLORTHIAZIDE 12.5 MG  DENK T', 100),
(412, 'C09BA03 ', 'ZESTORETIC  20/12.5MG  TAB B/28  ', 100),
(413, 'C09BA04 ', 'BIPRETERAX TAB  5/1.25MG  B/30 ', 100),
(414, 'C09BA04 ', 'BIPRETERAX TAB 10/2.5MG B/30 ', 100),
(415, 'C09BA04 ', 'COVERSYL PLUS TAB 5 MG/1.25 MG  ', 100),
(416, 'C09BA05 ', 'TRITAZIDE TAB 5/25MG  ', 100),
(417, 'C09BB06 ', 'ENEAS  B/30 ', 100),
(418, 'C09CA01 ', 'LOSARTAN 25MG  TAB  ', 100),
(419, 'C09CA01 ', 'LOSARTAN TAB 100MG B/28  ', 100),
(420, 'C09CA01 ', 'LOSARTAN TAB 50MG B/28  ', 100),
(421, 'C09CA03 ', 'DIOVAN  160MG ', 100),
(422, 'C09CA03 ', 'DIOVAN  80MG ', 100),
(423, 'C09CA04 ', 'APROVEL  TAB 300MG ', 100),
(424, 'C09CA04 ', 'APROVEL TAB 150MG ', 100),
(425, 'C09CA06 ', 'ATACAND 16MG TAB B/28 ', 100),
(426, 'C09CA06 ', 'ATACAND 8MG TAB B/28  ', 100),
(427, 'C09CA07 ', 'TELMISARTAN TABLET 20 MG ', 100),
(428, 'C09CA07 ', 'TELMISARTAN 40MG ', 100),
(429, 'C09CA07 ', 'TELMISARTAN 80MG ', 100),
(430, 'C09DA01 ', 'LOSARTAN 100MG+ HYDROCHLORTHIAZIDE 12.5  DENK ', 100),
(431, 'C09DA01 ', 'LOSARTAN TAB 50MG + HYDROCHLOROTHIAZIDE 12.5 MG   ', 100),
(432, 'C09DA03 ', '\"CO-DIOVAN  TAB 160/12', 100),
(433, 'C09DA03 ', '\"CO-DIOVAN TAB 80/12', 100),
(434, 'C09DA04 ', 'COAPROVEL  TAB 150MG/12.5MG ', 100),
(435, 'C09DA04 ', 'COAPROVEL TAB 300MG/12.5MG ', 100),
(436, 'C09DA06 ', 'ATACAND PLUS 16/12.5 MG TAB B/28 ', 100),
(437, 'C09DA07 ', 'TELMI H TAB 80/12.5MG  ', 100),
(438, 'C09DA07 ', 'TELMI H TAB 40/12.5 MG  ', 100),
(439, 'C09DB01 ', 'EXFORGE 10MG/160 MG  ', 100),
(440, 'C09DB01 ', 'EXFORGE TAB 5MG/160MG  ', 100),
(441, 'C09DB06 ', 'AMLOZAAR TAB 50/50MG  ', 100),
(442, 'C09DB06 ', '\"ASOMEX LT TAB  2', 100),
(443, 'C09DX01 ', 'AMLOZAAR-H TAB 5/50/12.5MG  ', 100),
(444, 'C09DX01 ', 'EXFORGE HCT TAB 10MG/160/12.5MG   ', 100),
(445, 'C09DX01 ', 'EXFORGE HCT TAB 5MG/160/12.5MG  ', 100),
(446, 'C10AA01 ', 'SIMVA-DENK TAB 40MG  ', 100),
(447, 'C10AA01 ', 'SIMVASTATIN TAB 10MG  ', 100),
(448, 'C10AA01 ', 'SIMVASTATIN TAB 20MG ', 100),
(449, 'C10AA05  ', 'ATORVASTATIN TAB 10MG ', 100),
(450, 'C10AA05  ', 'ATORVASTATIN TAB 20MG ', 100),
(451, 'C10AA07 ', 'CRESTOR   TAB 10MG ', 100),
(452, 'C10AA07 ', 'CRESTOR   TAB 20MG ', 100),
(453, 'C10AA07 ', 'CRESTOR  TAB 5MG ', 100),
(454, 'C10AA07 ', 'ROSUVASTATIN   TAB 5 MG ', 100),
(455, 'C10AA07 ', 'ROSUVASTATIN TAB 10 MG ', 100),
(456, 'C10AB05 ', 'FENOFIBRATE TAB 200MG ', 100),
(457, 'C10AB05 ', 'LIPANTHYL CAPS. 200MG   ', 100),
(458, 'C10AB05 ', 'LIPANTHYL GEL. 267MG   ', 100),
(459, 'C10AC01 ', 'QUESTRAN PDER 4G  SACHET  B/50  ', 100),
(460, 'D01AA01 ', 'NYSTATINE  OINT DERM 15 G ', 100),
(461, 'D01AA01 ', 'NYSTATINE CREAM 30 G     ', 100),
(462, 'D01AA08 ', 'GRISEOFULVINE OINT 5% 50G/POT ', 100),
(463, 'D01AC01 ', 'CANDID LOTION 1% W/V ', 100),
(464, 'D01AC01 ', 'CANDID CREAM 15G OR 20G ', 100),
(465, 'D01AC01 ', 'CANDID POWDER 30G ', 100),
(466, 'D01AC01 ', 'CLOTRIMAZOL CREAM 20G ', 100),
(467, 'D01AC02 ', 'DAKTARIN PDER 20 G ', 100),
(468, 'D01AC02 ', 'MICONAZOLE CREAM  TBE 15G ', 100),
(469, 'D01AC03 ', 'PEVARYL CREAM 30 G  ', 100),
(470, 'D01AC03 ', 'PEVARYL SOLUTION 150 ML  ', 100),
(471, 'D01AC03 ', 'PEVARYL SPRAY SOLUTION  30ML  ', 100),
(472, 'D01AC08 ', 'KETOCONAZOLE CREAM 15G ', 100),
(473, 'D01AC08 ', 'KETOCONAZOLE SHAMPOO  2%   100 ML  ', 100),
(474, 'D01AC08 ', 'KINAZOL SHAMPOO  2%   100 ML  ', 100),
(475, 'D01AC08 ', 'MICOZAL CREAM 2% 15G  ', 100),
(476, 'D01AC12 ', 'LOMEXIN 15 G CREAM 2%  ', 100),
(477, 'D01AC14 ', 'DERMOFIX CREAM  20GR ', 100),
(478, 'D01AC20 ', 'CANDID B CREAM ', 100),
(479, 'D01AC20 ', 'CANDIDERM CREAM 15G ', 100),
(480, 'D01AC20 ', 'CLOTRIMAZOLE 1%+ BECLOMETHASONE 0.025%  LOTION 15 ', 100),
(481, 'D01AC20 ', 'TRAVOCORT CREAM 15G  ', 100),
(482, 'D01AC52 ', 'DAKTACORT CREAM  15 G  ', 100),
(483, 'D01AE02 ', 'VIOLET DE GENTIANE  2% SOL 20ML ', 100),
(484, 'D01AE12 ', 'DIABLE VERT  PLASTERS B/6   ', 100),
(485, 'D01AE12 ', 'DIABLE VERT OINT   ', 100),
(486, 'D01AE12 ', 'DIABLE VERT SOL   ', 100),
(487, 'D01AE12 ', 'POMMADE  SALICYLEE  3% 50G ', 100),
(488, 'D01AE12 ', 'SALICYLIC ACID 2-5% OINT 100G  ', 100),
(489, 'D01AE12 ', 'SALICYLIC ACID 2-5% OINT 50G  ', 100),
(490, 'D01AE12 ', 'SALICYLIC ACID 25% OINT 50G OR 100G ', 100),
(491, 'D01AE12 ', 'WHITEFIELD OINT TBE 20G OR 25G  ', 100),
(492, 'D01AE12 ', 'WHITFIELD SOL 120ML  ', 100),
(493, 'D01AE12 ', 'WHITFIELD\'S OINT 50G OR 100G  ', 100),
(494, 'D01AE13 ', 'SELSUN SHAMPOO 120ML  ', 100),
(495, 'D01AE15 ', 'TERBINAFINE CREAM 1% 15 G  ', 100),
(496, 'D01AE15 ', 'TERBINOL 1% SPRAY 30ML ', 100),
(497, 'D01BA01 ', 'GRISEOFULVIN TAB  125MG  ', 100),
(498, 'D01BA01 ', 'GRISEOFULVIN TAB  250MG  ', 100),
(499, 'D01BA01 ', 'GRISEOFULVIN TAB  500 MG ', 100),
(500, 'D01BA02 ', 'TERBINAFINE TAB 250MG  ', 100),
(501, 'D02AE01 ', 'UREA 10% OINT 100G OR 200G ', 100),
(502, 'D02AE51 ', 'CALMURID  CREAM 50 G ', 100),
(503, 'D02AE51 ', 'HEEL CREAM  ', 100),
(504, 'D02DAB ', 'SENOPHILE CREAM 50GR ', 100),
(505, 'D03AA ', 'MITOSYL POMMADE  ', 100),
(506, 'D03AX03 ', 'BEPANTHENE 5% OINT 30GR 1TBE  ', 100),
(507, 'D03AX03 ', 'BEPANTHOL LABIAL STICK ', 100),
(508, 'D03AX03 ', 'BEPANTHOL CREAM 50G  ', 100),
(509, 'D04AA10 ', 'PHENERGAN CREAM 30 G  ', 100),
(510, 'D04AB01 ', 'EMLA CREAM 5%  ', 100),
(511, 'D04AB01 ', 'XYLOCAINE 5% SPRAY 24ML  ', 100),
(512, 'D04AX ', 'EURAX CREAM  10% 60GR  ', 100),
(513, 'D04AX ', 'EURAX CREAM 10%  20GR  ', 100),
(514, 'D04AX ', 'EURAX LOTION 50ML  ', 100),
(515, 'D05AD02 ', '\"MELADININE  SOL  0', 100),
(516, 'D05AD02 ', '\"MELADININE SOL  0', 100),
(517, 'D05AX02 ', 'DAIVONEX  OINT  50MCG/G  30G  ', 100),
(518, 'D05AX02 ', 'DAIVONEX CREAM 50MCG/G 30G  ', 100),
(519, 'D05BA02 ', 'MELADININE TAB 10MG  B/30  ', 100),
(520, 'D05BB02 ', 'NÉOTIGASON 10 MG 30 TAB   ', 100),
(521, 'D05BB02 ', 'NEOTIGASON 25 MG 30 CAPS  ', 100),
(522, 'D06AA04 ', 'TETRACYCLINE SKIN OINT ', 100),
(523, 'D06AX01 ', 'FUCICORT CREAM 15G ', 100),
(524, 'D06AX01 ', 'FUCIDINE  2% CREAM 1TBE  15G ', 100),
(525, 'D06AX01 ', 'FUCIDINE  2% OINT 15G   ', 100),
(526, 'D06AX04 ', 'NEOMYCINE OINT 15 G ', 100),
(527, 'D06AX05 ', 'NEOMYCINE BACITRACINE OINT 20G OR 15G ', 100),
(528, 'D06AX05 ', 'NEOMYCINE BACITRACINE OINT 50G ', 100),
(529, 'D06AX09 ', 'BACTROBAN CREAM 15G  ', 100),
(530, 'D06AX09 ', 'SUPIROCIN CREAM  2% 15G ', 100),
(531, 'D06BA01 ', 'FLAMMAZINE CREAM 1% 50GR  ', 100),
(532, 'D06BA51 ', 'SILVEREX CREAM ', 100),
(533, 'D06BB03 ', 'ACICLOVIR  10% CREAM/OINTMENT 10G ', 100),
(534, 'D06BB03 ', 'ACICLOVIR CREAM/OINTMENT 5G ', 100),
(535, 'D06BB04 ', 'PODOPHYLLINE  OINT 5% 15G  ', 100),
(536, 'D06BX01 ', '\"ROZEX  CREAM 7', 100),
(537, 'D07AB02 ', '\"LOCOID CREAM 30G   0', 100),
(538, 'D07AB02 ', 'LOCOID LOTION 30ML  ', 100),
(539, 'D07AB02 ', '\"LOCOID OINT 30G   0', 100),
(540, 'D07AB08 ', 'DELPHI CREAM 30GR 1TBE  ', 100),
(541, 'D07AC01 ', '\"BETAMETHASONE VALERATE CREAM 0', 100),
(542, 'D07AC01 ', 'BETNEVAL LOTION 30ML ', 100),
(543, 'D07AC01 ', '\"DIPROLENE 0', 100),
(544, 'D07AC01 ', '\"DIPROLENE 0', 100),
(545, 'D07AC01 ', 'DIPROSONE CREAM 30G ', 100),
(546, 'D07AC01 ', 'DIPROSONE LOT 30ML ', 100),
(547, 'D07AC14 ', '\"ADVANTAN  0', 100),
(548, 'D07AC14 ', '\"ADVANTAN  0', 100),
(549, 'D07AC16 ', '\"EFFICORT 0', 100),
(550, 'D07AC16 ', '\"EFFICORT 0', 100),
(551, 'D07AC18 ', 'PEITEL CREAM 0.25%  30GR  ', 100),
(552, 'D07AD01 ', '\"CLOBETASOL PROPIONATE  OINT 0', 100),
(553, 'D07AD01 ', 'OLUX FOAM 0.05% ', 100),
(554, 'D07AD01 ', 'DERMOVAL (DERMOVATE) CREAM 1 TUBE 30 G', 100),
(555, 'D07CA01 ', 'TERRA-CORTRYL SKIN OINTMENT 15gr   ', 100),
(556, 'D07CB01 ', 'MYCOLOG CREAM 15G  ', 100),
(557, 'D07CB01 ', 'MYCOLOG OINT 15G  ', 100),
(558, 'D07CB01 ', 'POSITON CREAM 30G  ', 100),
(559, 'D07CB01 ', 'POSITON OINT.  30G  ', 100),
(560, 'D07CB05 ', 'LOCACORTENE CREAM 15G ', 100),
(561, 'D07CB05 ', 'LOCACORTENE CREAM 30G  ', 100),
(562, 'D07CB05 ', 'LOCACORTENE VIOFORME CRÈAM  OR OINT 15G', 100),
(563, 'D07CB05 ', 'LOCOCARTENE OINT 30G  ', 100),
(564, 'D07CC01 ', 'BETAMETHASONE-NEOMYCINE CREAM 10G ', 100),
(565, 'D07CD01 ', 'CLOBETASOL+MICONAZOLE+GENTAMYCIN  ', 100),
(566, 'D07XA01 ', 'HYDROCORTISONE  OINT 1% DERM 15G ', 100),
(567, 'D07XA01 ', 'HYDROCORTISONE 1%CREAM 1TUBE 15G ', 100),
(568, 'D07XC01 ', 'ENTEZMA  30G ', 100),
(569, 'D07XC01 ', 'DIPROSALIC LOTION 15G ', 100),
(570, 'D07XC01 ', 'DIPROSALIC LOTION 30ML ', 100),
(571, 'D07XC01 ', 'DIPROSALIC OINT 30G ', 100),
(572, 'D07XC04 ', 'NERISONE CREAM 30G ', 100),
(573, 'D07XC04 ', 'NERISONE PMDE 30GR  ', 100),
(574, 'D08AC02 ', 'CETAVLON CREAM 80G  ', 100),
(575, 'D08AC04 ', 'HEXOMEDINE SOL 45ML  ', 100),
(576, 'D08AC04 ', 'HEXOMEDINE TRANSCUTANEE 1.5% 45ML ', 100),
(577, 'D08AC52 ', 'CETRIMIDE+CHLORHEXIDINE SOL 100ML ', 100),
(578, 'D08AC52 ', 'DERMOBACTER SOL 125 ML  ', 100),
(579, 'D08AC52 ', 'DERMOBACTER SOL 300ML  ', 100),
(580, 'D08AC52 ', 'SAVLON SOL120ML  ', 100),
(581, 'D08AE04 ', 'SOLUBACTER SOL 1% 150ML  ', 100),
(582, 'D08AG02 ', 'BETADINE DERM SOL  10% 125 ML   ', 100),
(583, 'D08AG02 ', 'BÉTADINE GEL DERM 10 G ', 100),
(584, 'D08AG02 ', 'BÉTADINE GEL DERM 30 G ', 100),
(585, 'D08AG02 ', 'POVIDONE IODINE SOL 100ML ', 100),
(586, 'D08AG02 ', 'POVIDONE IODINE SOL 200ML ', 100),
(587, 'D08AG02 ', 'PYODINE GEL ', 100),
(588, 'D08AL01 ', 'SILVER NITRATE PENCIL ', 100),
(589, 'D08AX02 ', 'EOSINE  ALCOHOLIC SOL 2% 20ML ', 100),
(590, 'D08AX02 ', 'EOSINE AQUEOUS  SOL 2% 20ML ', 100),
(591, 'D08AX04 ', 'CHLORAMINE T TAB 500MG  ', 100),
(592, 'D08AX06 ', 'PERMANGANATE DE POTASSIUM TAB  500MG', 100),
(593, 'D08AX07 ', '\"DAKIN SOL 0', 100),
(594, 'D08AX07 ', '\"DAKIN SOL 0', 100),
(595, 'D08AX08 ', 'ALCOHOL DESINFECTANT 120 ML ', 100),
(596, 'D08AX08 ', 'ALCOHOL IODINE   1%  BOTTLE/120ML ', 100),
(597, 'D09AX ', 'AQUEOUS CREAM 350G ', 100),
(598, 'D09AX ', 'TULLE GRAS  10 CM X 10 B/10  ', 100),
(599, 'D10AB02 ', 'SULPHUR OINTMENT 25G ', 100),
(600, 'D10AD01 ', 'ACNESOL CREAM 0.05% 25 GR ', 100),
(601, 'D10AD03 ', 'DIFFERIN 0.1% GEL 30GR  ', 100),
(602, 'D10AE01 ', 'CUTACNYL GEL 10% 40GR  ', 100),
(603, 'D10AE01 ', 'CUTACNYL GEL 5% ', 100),
(604, 'D10AF01 ', 'CLINDAMYCINE GEL 30MG TUB  ', 100),
(605, 'D10AF01 ', 'DALACIN T LOTION 30ML 1%  ', 100),
(606, 'D10AF02 ', 'ERYFLUID 4% TOPICAL SOLUTION 100ML  ', 100),
(607, 'D10AF02 ', 'ERYFLUID 4% TOPICAL SOLUTION 30ML    ', 100),
(608, 'D10AF02 ', 'ERYTHROGEL B 4% GEL DERM  30 G   ', 100),
(609, 'D10AX03 ', 'SKINOREIN 20% CREAM 30 GR  ', 100),
(610, 'D10BA01 ', 'ISOTRETINOINE TAB 10 MG  ', 100),
(611, 'D10BA01 ', 'ROACCUTANE CAPS  20MG  ', 100),
(612, 'D10BA01 ', 'ROACCUTANE CAPS 10MG   ', 100),
(613, 'D11AC08 ', 'COAL TAR + SULPHUR 5-10% 100G ', 100),
(614, 'D11AH01 ', 'TACROLIMUS 0.1% OINTMENT 20GR 1TBE', 100),
(615, 'D11AH01 ', 'TACROLIMUS 0.1% OINTMENT 60GR 1TBE', 100),
(616, 'D11AH01 ', 'TACROLIMUS OINT TUBE 0.03% 20G ', 100),
(617, 'D11AX01 ', 'MINOXIDIL 5% TOPICAL SOLUTION** ', 100),
(618, 'D11AX01 ', 'MINOXIDIL SOL 2% 60ML ** ', 100),
(619, 'D11AX06 ', 'LEUCODININE CREAM 10%   30GR ', 100),
(620, 'G01AA01 ', 'NYSTATINE GYNECO TAB  100.000UI ', 100),
(621, 'G01AA51 ', 'GYNOFER VAGINAL PESSARY B/8 ', 100),
(622, 'G01AA51 ', 'POLYGINAX PESSARIES   B/12  ', 100),
(623, 'G01AA51 ', 'POLYGINAX PESSARIES  B/6 ', 100),
(624, 'G01AA51 ', 'POLYGINAX VIRGO B/6 ', 100),
(625, 'G01AC03 ', 'COLPOSEPTINE PESSARY  B/18 ', 100),
(626, 'G01AF01 ', 'METRONIDAZOLE PESSARY  500MG B/10 ', 100),
(627, 'G01AF02 ', 'CANDID VAGINAL  GEL  30GR 1TBE ', 100),
(628, 'G01AF02 ', 'CLOTRIMAZOLE VAG.  TAB.100MG B/6  ', 100),
(629, 'G01AF02 ', 'CANDID V1 500MG ', 100),
(630, 'G01AF02 ', 'CANDID V-6 100MG  ', 100),
(631, 'G01AF02 ', 'CANDID-V3 200MG  ', 100),
(632, 'G01AF02 ', 'CLOTRIMAZOLE VAG. TAB.200MG B/3 ', 100),
(633, 'G01AF04 ', 'GYNO-DAKTARIN CREAM T/40GR ', 100),
(634, 'G01AF04 ', 'GYNO-DAKTARIN PESSARY  200MG B/7 ', 100),
(635, 'G01AF04 ', 'GYNO-DAKTARIN PESSARY 400MG B/3 ', 100),
(636, 'G01AF05 ', 'GYNOPEVARYL 3 PESSARIES  ', 100),
(637, 'G01AF12 ', 'TERLOMEXIN PESSARY  200 MG   B/3  ', 100),
(638, 'G01AF19 ', 'GYNOZALAIN 500 MG 1 OVULE  ', 100),
(639, 'G01AF20 ', 'CANDIFEM  PESSARY  600MG B/6  ', 100),
(640, 'G01AX11 ', 'BETADINE GYNECOLOGIC  125ML ', 100),
(641, 'G02AB01 ', '\"METHYLERGOMETRINE  INJ  0', 100),
(642, 'G02AB01 ', '\"METHYLERGOMETRINE 0', 100),
(643, 'G02AB03 ', '\"ERGOMETRIN TAB 0', 100),
(644, 'G02AB03 ', '\"ERGOMETRIN TAB 0', 100),
(645, 'G02AD06 ', 'CYTOTEC TAB  200MCG B/60  ', 100),
(646, 'G02AD06 ', 'MISOPROSTOL TAB 200 MCG  ', 100),
(647, 'G02CA01 ', 'PREPAR  INJ VIAL 5 ML  ', 100),
(648, 'G02CB01 ', '\"BRAMESTON  TAB  2', 100),
(649, 'G02CB01 ', '\"PARLODEL TAB   2', 100),
(650, 'G02CB03 ', '\"DOSTINEX TAB 0', 100),
(651, 'G03BA03 ', 'ANDROTARDYL INJ 250MG 1ML 1AMP** ', 100),
(652, 'G03BA03 ', 'TESTOSTERONE INJ  25MG/ML** ', 100),
(653, 'G03BA03 ', 'TESTOVIRON DEPOT VIAL 250MG B/1** ', 100),
(654, 'G03BB01 ', 'PROVIRON TAB  25 MG B/20**   ', 100),
(655, 'G03CA01 ', 'ETHYNYL -OESTRADIOL  TAB 50MCG ', 100),
(656, 'G03CA03 ', 'ESTRADIOL INJ ', 100),
(657, 'G03CA03 ', 'OESTRADIOL INJ 5MG/ML  ', 100),
(658, 'G03CA03 ', 'OESTROGEL TBE 80G  ', 100),
(659, 'G03CA03 ', 'PROGYNOVA TAB 1MG B/20  ', 100),
(660, 'G03CA03 ', 'PROGYNOVA TAB 2MG B/28  ', 100),
(661, 'G03DA02 ', 'PROVERA TAB 10MG  ', 100),
(662, 'G03DA04 ', 'PROGESTERONE  INJ 25MG/ML ', 100),
(663, 'G03DA04 ', 'PROGESTOGEL TUBE 80 G ', 100),
(664, 'G03DA04 ', 'UTROGESTAN 200 MG   CAPS. VAGINAL B/45', 100),
(665, 'G03DA04 ', 'UTROGESTAN 200 MG CAPS. B/45  ', 100),
(666, 'G03DA04 ', 'UTROGESTAN CAPS. 100 MG B/30  ', 100),
(667, 'G03DB01 ', 'DUPHASTON TAB  10MG  B/10  ', 100),
(668, 'G03DB04 ', 'LUTENYL TAB 5 MG B/10  ', 100),
(669, 'G03DC02 ', 'PRIMOLUT- NOR TAB  10MG  ', 100),
(670, 'G03DC02 ', 'NORETHISTERONE TAB 5MG ', 100),
(671, 'G03DC02 ', 'PRIMOLUT- NOR  TAB  5MG  ', 100),
(672, 'G03DC03 ', 'ORGAMETRIL TAB  5MG B/30  ', 100),
(673, 'G03GA01 ', 'PREGNYL INJ 1500 UI  B/3 **  ', 100),
(674, 'G03GA01 ', 'PREGNYL INJ 5000 UI  B/3 **  ', 100),
(675, 'G03GA01 ', 'HUCOG 5000 IU HP1\'S  ** ', 100),
(676, 'G03GB02 ', 'CLOMID TAB  50MG B/10** ', 100),
(677, 'G03GB02 ', 'DUINUM  TAB 50MG** ', 100),
(678, 'G03HA01 ', 'ANDROCUR TAB  50MG  B/50 ', 100),
(679, 'G03HB01 ', 'DIANE 35 TAB 21/CYCLE ', 100),
(680, 'G04BD02 ', 'URISPAS 200MG 1 TAB  ', 100),
(681, 'G04BD04 ', 'DITROPAN 5MG B/30  ', 100),
(682, 'G04BD07 ', 'DETRUSITOL 2MG 1TAB  ', 100),
(683, 'G04BE03 ', 'SILDENAFIL TAB 100MG** ', 100),
(684, 'G04BE03 ', 'SILDENAFIL TAB 50MG** ', 100),
(685, 'G04BE04 ', 'YOHIMBINE TAB 2MG** ', 100),
(686, 'G04BE08 ', 'TADAFORCE TAB 20MG ** ', 100),
(687, 'G04BE08 ', 'ZIMFIL ODS 10 ** ', 100),
(688, 'G04BE08 ', 'ZIMFIL ODS 20 ** ', 100),
(689, 'G04CA01 ', 'XATRAL TAB 2.5 MG  ', 100),
(690, 'G04CA01 ', 'XATRAL LP10 TAB 10MG  ', 100),
(691, 'G04CA01 ', 'XATRAL TAB 5MG  ', 100),
(692, 'G04CA02 ', 'TAMSULOSINE 0.4 MG TAB  ', 100),
(693, 'G04CA03 ', 'TERAZOSINE 2MG 1TAB ', 100),
(694, 'G04CB01 ', 'FINASTERIDE TAB 5MG ', 100),
(695, 'G04CB01 ', 'PROSCAR TAB 5MG B/28 ', 100),
(696, 'G04CB02 ', 'AVODART TAB 0.5MG  ', 100),
(697, 'G04CX01 ', 'TADENAN CAPS 50MG  B/30  ', 100),
(698, 'G04CX02 ', 'URGENIN DROPS 50ML  ', 100),
(699, 'H01BA01 ', '\"DESMOPRESSINE 0.2MG TEVA', 100),
(700, 'H01BB02 ', 'OXYTOCINE  INJ10UI 1AMP ', 100),
(701, 'H01BB02 ', 'OXYTOCINE  INJ5UI 1AMP ', 100),
(702, 'H01CB02 ', '\"SANDOSTATINE 0', 100),
(703, 'H02AB01 ', 'DIPROSTÈNE 7MG/ML 1 AMPOULE  SERINGUE PRÉREMPLIE', 100),
(704, 'H02AB02 ', 'DEXAMETHASONE  INJ 5MG/ML OR 4MG/ML ', 100),
(705, 'H02AB02 ', '\"DEXAMETHASONE TAB 0', 100),
(706, 'H02AB04 ', 'DEPOT MEDROL 80MG/2ML ', 100),
(707, 'H02AB04 ', 'DEPO MEDROL 40MG/1ML   INJ  ', 100),
(708, 'H02AB06 ', 'PREDNISOLONE TAB  5MG ', 100),
(709, 'H02AB07 ', 'CORTANCYL TAB  20MG B/30  ', 100),
(710, 'H02AB08 ', 'KENACORT RETARD 40MG INJ 1AMP ', 100),
(711, 'H02AB08 ', 'KENACORT RETARD 80MG INJ. 1AMP ', 100),
(712, 'H02AB08 ', 'TRIAMCINOLONE DENK INJ 40MG  ', 100),
(713, 'H02AB09 ', 'HYDROCORTISONE  INJ LYOPH.VIAL.100MG ', 100),
(714, 'H02AB09 ', 'HYDROCORTISONE INJ  100MG ', 100),
(715, 'H02AB09 ', 'HYDROCORTISONE TAB 10MG ', 100),
(716, 'H02AB13 ', 'DEFAL  DROPS 13ML 1FL ', 100),
(717, 'H02AB13 ', 'DEFAL 6MG TAB B/20  ', 100),
(718, 'H02AB13 ', 'DEFAL TABS 30MG  ', 100),
(719, 'H03AA01 ', 'L-THYROXINE  TAB  100 µg ', 100),
(720, 'H03AA01 ', 'L-THYROXINE  TAB  50µg ', 100),
(721, 'H03AA01 ', 'L-THYROXINE  TAB  75µg ', 100),
(722, 'H03AA01 ', 'LEVOTHYROXINE TAB  150µg  ', 100),
(723, 'H03AA01 ', 'LEVOTHYROXINE TAB  25µg  ', 100),
(724, 'H03BA02 ', 'PROPYLTHIOURACILE TAB 50MG B/60 ', 100),
(725, 'H03BB01 ', 'NÉOMERCAZOLE TAB 20 MG B/30  ', 100),
(726, 'H03BB01 ', 'NEOMERCAZOLE TAB  5MG B/50  ', 100),
(727, 'H03BB02 ', 'STRUMAZOL TAB  10MG  ', 100),
(728, 'J01AA02 ', 'DOXY 200 TAB   B/8 ', 100),
(729, 'J01AA02 ', 'DOXYCYCLINE TAB 100MG   ', 100),
(730, 'J01AA04 ', 'TETRALYSAL TAB 300MG ', 100),
(731, 'J01AA07 ', 'TETRACYCLINE CAPS. 250MG ', 100),
(732, 'J01AA08 ', 'MINOCYCLINE TAB 100MG ', 100),
(733, 'J01BA01 ', 'CHLORAMPHENICOL  INJ 1 G ', 100),
(734, 'J01BA01 ', 'CHLORAMPHENICOL CAPS 250MG ', 100),
(735, 'J01BA01 ', 'CHLORAMPHENICOL SP 125MG/5ML 100 ML ', 100),
(736, 'J01BA01 ', 'CHLORAMPHENICOL SP 125MG/5ML 60ML ', 100),
(737, 'J01BA02 ', 'THIOBACTIN SP 250 MG/5 ML 60ML  ', 100),
(738, 'J01BA02 ', 'THIOBACTIN TAB  250MG B/16  ', 100),
(739, 'J01BA02 ', 'THIOBACTIN TAB  500MG  B/24  ', 100),
(740, 'J01CA01 ', 'AMPICILLIN  INJ 1G 1 VIAL ', 100),
(741, 'J01CA01 ', 'AMPICILLIN  INJ 500MG 1 VIAL ', 100),
(742, 'J01CA04 ', 'AMOXICILLIN CAPS  250MG ', 100),
(743, 'J01CA04 ', 'AMOXICILLIN CAPS  500MG ', 100),
(744, 'J01CA04 ', 'AMOXICILLIN SP 125 MG/5ML  60ML ', 100),
(745, 'J01CA04 ', 'AMOXICILLIN SP 125MG/5ML 100ML ', 100),
(746, 'J01CA04 ', 'AMOXICILLIN SP 250MG/5ML  100ML ', 100),
(747, 'J01CA04 ', 'AMOXICILLIN SP 250MG/5ML  60 ML ', 100),
(748, 'J01CA04 ', 'BACTOX 125 MG SYRUP 60 ML ', 100),
(749, 'J01CA04 ', 'BACTOX 250 MG SYRUP 60 ML ', 100),
(750, 'J01CA04 ', 'CLAMOXYL SP 125MG/ML 60 ML ', 100),
(751, 'J01CA04 ', 'CLAMOXYL SP 250MG/5ML 60 ML ', 100),
(752, 'J01CA04 ', 'HICONCIL SP 125MG/5ML 60ML  ', 100),
(753, 'J01CA04 ', 'HICONCIL SP 250MG/5ML 60ML ', 100),
(754, 'J01CA08 ', 'SELEXID TAB 200MG  B/12 ', 100),
(755, 'J01CE02 ', 'PENI V ORAL TAB 250MG ', 100),
(756, 'J01CE08 ', '\"BENZATHINE BENZYL PENIC. 2', 100),
(757, 'J01CE08 ', 'PENICILLIN G SODIC   INJ 1 M UI  ', 100),
(758, 'J01CE09 ', 'BENZYLPENICILLIN PROCAINE 4MUI   INJ ', 100),
(759, 'J01CE09 ', 'PENICILLIN PROCAINE  INJ 4 MUI 1BOTTLE ', 100),
(760, 'J01CF02 ', 'CLOXACILLINE  INJ 500MG ', 100),
(761, 'J01CF02 ', 'CLOXACILLINE CAPS.  500MG ', 100),
(762, 'J01CF02 ', 'CLOXACILLINE CAPS. 250MG ', 100),
(763, 'J01CF02 ', 'CLOXACILLINE SP. 125MG/5ML 100ML ', 100),
(764, 'J01CF05 ', 'FLOXAPEN CAPS. 500MG  B/16  ', 100),
(765, 'J01CR02 ', 'AMOXICILLIN + CLAVULANIC ACID TAB 625MG ', 100),
(766, 'J01CR02 ', 'AMOXICLAV DENK SACHETS 1000/125MG ', 100),
(767, 'J01CR02 ', 'AMOXICILLIN 125MG/5ML+CLAVULANIC ACID. SP 100ML ', 100),
(768, 'J01CR02 ', 'AMOXICILLIN 250MG/5ML + CLAVULANIC ACID SP 100ML ', 100),
(769, 'J01CR02 ', '\"AMOXYCILLIN + CLAVULANIC ACID   INJ 1', 100),
(770, 'J01CR02 ', 'AUGMENTIN INJ 500MG  B/1 ', 100),
(771, 'J01CR02 ', 'AUGMENTIN SP 100MG/ML BB. 30ML ', 100),
(772, 'J01CR02 ', 'AUGMENTIN SP 100MG/ML CHILD. 60ML ', 100),
(773, 'J01CR02 ', 'AUGMENTIN TAB  500MG/62.5MG  B/16 ', 100),
(774, 'J01CR02 ', 'DAFRACLAV SP 228MG/5ML 70ML ', 100),
(775, 'J01CR02 ', 'DAFRACLAV SP 456MG/5ML 70ML ', 100),
(776, 'J01DB01 ', 'CEFALEXIN TAB 250 MG  ', 100),
(777, 'J01DB01 ', 'CEFALEXIN  SP 125MG/5ML 100ML  ', 100),
(778, 'J01DB01 ', 'CEPOREXINE CAPS  500MG B/12  ', 100),
(779, 'J01DB04 ', 'CEFAZOLIN INJ 1G ', 100),
(780, 'J01DB05 ', 'IBIDROXIL SP 125MG/5ML 60ML ', 100),
(781, 'J01DB05 ', 'IBIDROXIL SP 250MG/5ML 60ML ', 100),
(782, 'J01DB05 ', 'IBIDROXIL  CAPS  500 MG ', 100),
(783, 'J01DB05 ', 'ORACEFAL  SP 125MG/5ML   60ML  ', 100),
(784, 'J01DB05 ', 'ORACEFAL  SP 250 MG/5ML  60 ML   ', 100),
(785, 'J01DB05 ', 'ORACEFAL CAPS 500MG B/12   ', 100),
(786, 'J01DC02 ', 'CEFUROXIM TAB 250MG  ', 100),
(787, 'J01DC02 ', 'CEFUROXIM TAB 500MG ', 100),
(788, 'J01DC02 ', 'CEFUROXIME  750MG INJ ', 100),
(789, 'J01DC02 ', 'CEFUROXIME AXETIL SYRUP 125MG FL 100ML', 100),
(790, 'J01DC02 ', 'ZINNAT SP 125MG/5ML BOTTLE/ 40ML  ', 100),
(791, 'J01DC02 ', 'ZINNAT SP 125MG/5ML BOTTLE/80ML  ', 100),
(792, 'J01DC02 ', 'ZINNAT TAB  250MG B/8   ', 100),
(793, 'J01DD01 ', 'CEFOTAXIM   INJ 1G ', 100),
(794, 'J01DD04 ', 'CEFTRIAXON INJ 1G ', 100),
(795, 'J01DD04 ', 'CEFTRIAXONE 250MG 1 VIAL ', 100),
(796, 'J01DD08 ', 'BEKRACINE SYRUP 20 MG/ ML BOTTLE 60 ML', 100),
(797, 'J01DD08 ', 'BEKRACINE TAB 200MG B/10 ', 100),
(798, 'J01DD08 ', 'CEFIXIME TAB 200MG   ', 100),
(799, 'J01DD08 ', 'CEFIXIME SP 50MG/5ML ', 100),
(800, 'J01DD08 ', 'GRAMOCEF SP 50MG/5ML  ', 100),
(801, 'J01DD08 ', 'GRAMOCEF SYRUP 100MG/5ML ', 100),
(802, 'J01DD08 ', 'GRAMOCEF TAB 200MG  ', 100),
(803, 'J01DD08 ', 'GRAMOCEF  TAB 400MG ', 100),
(804, 'J01DD08 ', 'OROKEN  SP 100MG/5ML  ', 100),
(805, 'J01DD08 ', 'OROKEN SP 40MG/5ML  ', 100),
(806, 'J01DD08 ', 'OROKEN TAB 200MG  B/8 ', 100),
(807, 'J01DD54 ', 'CEFTRISONE-S INJ 1.5GR ', 100),
(808, 'J01DH02 ', 'MEROPENEM INJ 1 GR ', 100),
(809, 'J01DH02 ', 'MEROPENEM INJ 500 MG ', 100),
(810, 'J01DH51 ', 'TIENAM/IMIPENEM/CILASTATIN  INJ 500 MG', 100),
(811, 'J01EC02 ', 'ADIAZINE TAB  500MG  B/20 ', 100),
(812, 'J01EE01 ', 'COTRIMOXAZOLE INJ VIAL. 480MG/5ML ', 100),
(813, 'J01EE01 ', 'CO-TRIMOXAZOLE SP 240MG/5ML 100ML ', 100),
(814, 'J01EE01 ', 'CO-TRIMOXAZOLE SP 240MG/5ML 60ML ', 100),
(815, 'J01EE01 ', 'CO-TRIMOXAZOLE TAB  120MG  ', 100),
(816, 'J01EE01 ', 'CO-TRIMOXAZOLE TAB  480MG  ', 100),
(817, 'J01EE01 ', 'CO-TRIMOXAZOLE TAB  960MG ', 100),
(818, 'J01EE01 ', 'STEROPRIM SP 240MG/5ML 100ML ', 100),
(819, 'J01FA01 ', 'ERYTHROMYCIN SP 125 MG/5ML  60ML ', 100),
(820, 'J01FA01 ', 'ERYTHROMYCIN SP 125MG/5ML 100ML ', 100),
(821, 'J01FA01 ', 'ERYTHROMYCIN SP 250 MG/5ML  60ML ', 100),
(822, 'J01FA01 ', 'ERYTHROMYCIN TAB  250MG ', 100),
(823, 'J01FA02 ', '\"ROVAMYCINE TAB  1', 100),
(824, 'J01FA02 ', 'ROVAMYCINE TAB 3MUI B/10  ', 100),
(825, 'J01FA06 ', 'RULID TAB 100MG & 150MG  ', 100),
(826, 'J01FA09 ', 'CLARITHROMYCIN TAB  250MG  ', 100),
(827, 'J01FA09 ', 'CLARITHROMYCIN TAB  500MG ', 100),
(828, 'J01FA10 ', 'AZITHROMYCIN SP 100MG/5ML 30ML ', 100),
(829, 'J01FA10 ', 'AZITHROMYCIN SP 200MG/5ML 15ML  ', 100),
(830, 'J01FA10 ', 'AZITHROMYCIN SP 200MG/5ML 30ML ', 100),
(831, 'J01FA10 ', 'AZITHROMYCIN TAB 500MG  ', 100),
(832, 'J01FF01 ', 'CLINDAMYCINE CAPS 300MG ', 100),
(833, 'J01FF01 ', 'DALACIN CAPS.  150MG ', 100),
(834, 'J01FF01 ', 'DALACIN CAPS. 300MG B/16 ', 100),
(835, 'J01FF02 ', 'LINCOCIN CAPS 500MG B/12 ', 100),
(836, 'J01FF02 ', 'LINCOMYCIN HYDROCHLORIDE INJ 600MG AMP ', 100),
(837, 'J01GB03 ', 'GENTAMYCIN INJ 40MG/2ML ', 100),
(838, 'J01GB03 ', 'GENTAMYCIN INJ 80MG/2ML  ', 100),
(839, 'J01GB04 ', 'KANAMYCINE   INJ 1GR  ', 100),
(840, 'J01GB06 ', 'AMIKACIN INTRAVENOUS 100MG/2ML AMPOULE', 100),
(841, 'J01MA01 ', 'OFLOCET TAB 200MG B/10  ', 100),
(842, 'J01MA01 ', 'OFLOXACIN TAB  200MG ', 100),
(843, 'J01MA01 ', 'OFLOXACIN TAB 400MG ', 100),
(844, 'J01MA02 ', 'CIPROFLOXACIN   INJ 200 MG FL/100ML  ', 100),
(845, 'J01MA02 ', 'CIPROFLOXACIN TAB  500MG ', 100),
(846, 'J01MA06 ', 'NORFLOXACIN TAB  400MG ', 100),
(847, 'J01MA12 ', 'LEVOFLOXACINE TAB 500MG ', 100),
(848, 'J01MA12 ', 'LEVOFLOXACINE TAB 750MG  ', 100),
(849, 'J01MB02 ', 'NALIDIXIC ACID  TAB  500MG  ', 100),
(850, 'J01RA04 ', 'RODOGYL TABs  B/20  ', 100),
(851, 'J01RA09 ', 'LOOBID TAB  200/500 MG  ', 100),
(852, 'J01XA01 ', 'VANCOMYCIN INJ 500MG ', 100),
(853, 'J01XB02 ', '\"POLYMYXIN B 500', 100),
(854, 'J01XC01 ', 'FUCIDINE TAB 250 MG B/10  ', 100),
(855, 'J01XD01 ', 'METRONIDAZOLE  INJ 500MG/100ML ', 100),
(856, 'J01XE01 ', 'NITROFURANTOINE TAB  100MG ', 100),
(857, 'J01XX04 ', 'SPECTINOMYCINE INJ 2G 1BTTLE ', 100),
(858, 'J02AA01 ', 'AMPHOTERICINE B INJ 50MG  ', 100),
(859, 'J02AB02 ', 'KETOCONAZOLE TAB 200MG ', 100),
(860, 'J02AC01 ', 'FLUCONAZOLE SP  50MG/5ML 1BOTTLE 60ML ', 100),
(861, 'J02AC01 ', 'FLUCONAZOLE TAB  100MG   B/10 ', 100),
(862, 'J02AC01 ', 'FLUCONAZOLE TAB 200MG B/10 ', 100),
(863, 'J02AC02 ', 'ITACARE TAB 100 MG   ', 100),
(864, 'J04BA02 ', 'DAPSONE  TAB  100MG ', 100),
(865, 'J05AB01 ', 'ACICLOVIR TAB 200MG  ', 100),
(866, 'J05AB01 ', 'ACICLOVIR TAB 400MG ', 100),
(867, 'J05AB01 ', 'ACICLOVIR TAB 800MG ', 100),
(868, 'J05AB01 ', 'ACYCLOVIR INJ.250 MG 1 VIAL ', 100),
(869, 'J05AB11 ', 'ZELITREX TAB 500MG  ', 100),
(870, 'J06AA02 ', 'SERUM  ANTI-TETANIC 1.500 U.I   INJ.  ', 100),
(871, 'J06AA03 ', 'SERUM ANTI-VENOMOUS 1VIAL  INJ  ', 100),
(872, 'J06AA06 ', 'SERUM  ANTI- RABIES VIAL 10ML/1500UI   ', 100),
(873, 'J06BB01 ', '\"RHOGAM', 100),
(874, 'J06BB04 ', 'HEPATITIS B IMMUNOGLOBULIN  ', 100),
(875, 'J07AM01 ', 'ANTI-TETANIC VACCIN 20DOSES/VIAL ', 100),
(876, 'J07BC01 ', 'ANTI-HEPATITIS B VACCIN**  ', 100),
(877, 'J07BG01 ', '\"ANTI- RABIC VACCINE', 100),
(878, 'L01AA01 ', 'ENDOXAN  INJ 200MG  ', 100),
(879, 'L01AA01 ', 'ENDOXAN  INJ 500MG  ', 100),
(880, 'L01AA01 ', 'ENDOXAN TAB 50MG  B/50  ', 100),
(881, 'L01AA02 ', 'LEUKERAN TAB 2MG  ', 100),
(882, 'L01BB02 ', 'PURI_NETHOL TAB 50MG   ', 100),
(883, 'L01BC02 ', 'EFFUDIX CREAM 5% 20GR  ', 100),
(884, 'L01BC02 ', 'EFFUDIX OINT 20G/TBE   ', 100),
(885, 'L01BC06 ', 'CAPECITABIN TAB 500MG  ', 100),
(886, 'L01BC52 ', 'VERRUMAL DERM. SOLUTION 13ML  ', 100),
(887, 'L01CD01 ', 'PACLITAXEL INJ ', 100),
(888, 'L01CD02 ', 'DOCETAXEL INJ 80MG                                ', 100),
(889, 'L01DB03 ', 'EPIRUBICIN  INJ. 50MG 1FL ', 100),
(890, 'L01XA03 ', 'OXALIPLATIN INJ 100MG/50ML  ', 100),
(891, 'L01XE01 ', 'IMATINIB 400MG TAB ', 100),
(892, 'L01XE01 ', 'VEENAT 100 MG ', 100),
(893, 'L01XX05 ', 'HYDREA / HYDROXYUREA  CAPS 500MG  ', 100),
(894, 'L01XX19 ', 'IRINOTECAN INJ 100MG/5ML    ', 100),
(895, 'L02AE02 ', 'LEUPROLIDE  3.75 MG INJ.  ', 100),
(896, 'L02AE03 ', 'ZOLADEX VIAL 3.6 MG  ', 100),
(897, 'L02AE03 ', 'ZOLADEX  VIAL 10.8 MG  ', 100),
(898, 'L02BA01 ', 'NOVALDEX  TAB  20MG   ', 100),
(899, 'L02BA01 ', 'TAMOXYFENE TAB  10MG  ', 100),
(900, 'L02BA01 ', 'TAMOXYFENE TAB  20MG  ', 100),
(901, 'L02BB03 ', 'BICALUTAMIDE  TAB 150 MG  ', 100),
(902, 'L02BB03 ', 'BICALUTAMIDE TAB 50 MG  ', 100),
(903, 'L02BG03 ', ' ARIMIDEX TAB 1MG B/28 ', 100),
(904, 'L02BG04 ', 'LETROZOLE TAB 2.5 MG ', 100),
(905, 'L03AB07 ', 'AVONEX 30MCG/0.5ML 1AMP  ', 100),
(906, 'L04AA06 ', 'MYCOPHENOLATE  MOFILET 500 MG TAB  ', 100),
(907, 'L04AD02 ', 'TACROLIMUS 0.5MG 1CAPS  ', 100),
(908, 'L04AD02 ', 'TACROLIMUS 1MG 1CAPS  ', 100),
(909, 'L04AD02 ', 'TACROLIMUS 2MG 1CAPS  ', 100),
(910, 'L04AX01 ', 'AZATHIOPRINE TAB 50MG ', 100),
(911, 'L04AX03 ', '\"METHOTREXATE TAB  2', 100),
(912, 'M01AB01 ', 'INDOMETHACINE SUPPO 100MG B/10 ', 100),
(913, 'M01AB01 ', 'INDOMETHACINE TAB 25MG ', 100),
(914, 'M01AB05 ', 'DICLOFENAC   INJ 75MG 1 AMPOULE ', 100),
(915, 'M01AB05 ', 'DICLOFENAC  RETARD  TAB 100MG ', 100),
(916, 'M01AB05 ', 'DICLOFENAC  SUPPO  100MG ', 100),
(917, 'M01AB05 ', 'KNAC TAB  75MG  ', 100),
(918, 'M01AB05 ', 'KNAC TAB  50MG ', 100),
(919, 'M01AB05 ', 'DICLOFENAC TAB  50MG  ', 100),
(920, 'M01AB05 ', 'DICLOFENAC TAB 25MG ', 100),
(921, 'M01AB16 ', 'ACECLOFENAC TAB 100MG ', 100),
(922, 'M01AB55 ', 'CLOFAINS TAB  B/10 ', 100),
(923, 'M01AC01  ', 'FELDENE 20MG INJ 1ML ', 100),
(924, 'M01AC01  ', 'FELDENE 20MG SUPPO B/15  ', 100),
(925, 'M01AC01  ', 'FELDENE TAB 10MG. OR  CAPS. B/20 ', 100),
(926, 'M01AC01  ', 'FELDENE TAB 20MG. OR CAPS. B/15 ', 100),
(927, 'M01AC01  ', 'PIROXICAM 20MG CAPS  ', 100),
(928, 'M01AC01  ', 'PIROXEN 20MG DISP TAB.  B/12 ', 100),
(929, 'M01AC02 ', 'TILCOTIL COMP SEC 30X20 MG  ', 100),
(930, 'M01AC02 ', 'TILCOTIL INJ 20MG/2ML   ', 100),
(931, 'M01AC06 ', 'MELOXICAM TAB 15MG ', 100),
(932, 'M01AC06 ', 'MELOXICAM TAB 7.5MG ', 100),
(933, 'M01AE01 ', 'IBUPROFEN SP 100ML ', 100),
(934, 'M01AE01 ', 'IBUPROFEN SP 60ML ', 100),
(935, 'M01AE01 ', 'IBUPROFEN TAB  400MG ', 100),
(936, 'M01AE01 ', 'IBUPROFEN TAB 200MG ', 100),
(937, 'M01AE02 ', 'APRANAX TAB 275MG B/30 ', 100),
(938, 'M01AE02 ', 'APRANAX TAB 550MG B/30 ', 100),
(939, 'M01AE03 ', 'BI-PROFENID  TAB 100MG B/20  ', 100),
(940, 'M01AE03 ', 'PROFENID 50MG CAPS B/24  ', 100),
(941, 'M01AE03 ', 'PROFENID INJ 100MG  ', 100),
(942, 'M01AE03 ', 'PROFENID SUPPO 100MG B/12  ', 100),
(943, 'M01AE03 ', 'PROFENID TAB 100MG B/30  ', 100),
(944, 'M01AE17 ', 'KETESSE  25MG ', 100),
(945, 'M01AE17 ', 'KETESSE  50MG/2ML 1AMP ', 100),
(946, 'M01AE51 ', 'SEKALGIC SYRUP  ', 100),
(947, 'M01AE51 ', 'TRIALGIC TAB  ', 100),
(948, 'M01AG01 ', 'MEFTAL 500 MG  ', 100),
(949, 'M01AG01 ', 'MEFTAL SPAS TAB   B/60 ', 100),
(950, 'M01AH01 ', 'CELEBREX TAB 100 MG B/30  ', 100),
(951, 'M01AH01 ', 'CELEBREX TAB 200 MG B/30  ', 100),
(952, 'M01AH01 ', 'EXXIB   TAB 200MG B/10 ', 100),
(953, 'M01AX02 ', 'NIFLURIL CAPS. 250MG  B/30  ', 100),
(954, 'M01AX02 ', 'NIFLURIL SUPPO AD  700MG B/8  ', 100),
(955, 'M01AX02 ', 'NIFLURIL SUPPO CHILD 400MG B/8  ', 100),
(956, 'M01AX17 ', 'NIMESULIDE TAB 100 MG   ', 100),
(957, 'M01AX25 ', 'OSTEOMINE  TAB ', 100),
(958, 'M01AX25 ', 'CARTIL FORTE  TAB ', 100),
(959, 'M02AA06 ', 'DOLO GEL DENK  ', 100),
(960, 'M02AA10 ', 'FASTUM GEL  50 GR ', 100),
(961, 'M02AA10 ', '\"KETOPROFENE  GEL 2', 100),
(962, 'M02AA13 ', '\"IBUMEX GEL. 5%', 100),
(963, 'M02AA15 ', 'DICLOFENAC GEL TUBE  20G ', 100),
(964, 'M02AA15 ', 'OLFEN GEL 50G ', 100),
(965, 'M02AA15 ', 'VOLTARENE EMULGEL 50G  ', 100),
(966, 'M02AA17 ', 'NIFLUGEL 60GR  ', 100),
(967, 'M02AC ', 'ALGIPAN BAUME 80G/TBE ', 100),
(968, 'M02AC ', 'MEFTAL FORT CREAM  ', 100),
(969, 'M02AX10 ', 'ALGESAL BAUME CREAM   40 G  ', 100),
(970, 'M02AX10 ', 'ALGESAL SURACTIVE  CREAM 40 G ', 100),
(971, 'M02AX10 ', 'CAMPHRE 10 % OINT 50G ', 100),
(972, 'M02AX10 ', 'SYNTHOL SOL 225 ML  ', 100),
(973, 'M02AX10 ', 'SYNTHOL SOL 75 ML  ', 100),
(974, 'M02AX10 ', 'THERMOCREAM OINT  40G  ', 100),
(975, 'M03AB01 ', 'SUXAMETHONIUM 50MG/Ml 10 Ml  ', 100),
(976, 'M03BA53 ', 'DISTEM  TAB 380MG/300MG  B/50  ', 100),
(977, 'M03BA53 ', 'FLEXDOL TAB ', 100),
(978, 'M03BB53 ', 'MYOSPAZ TAB B/100 ', 100),
(979, 'M03BX01 ', 'BACLOFENE 10 MG B/50 ', 100),
(980, 'M03BX01 ', 'BACLOFENE TAB 25 MG B/50 ', 100),
(981, 'M03BX01 ', 'LIORESAL  TAB 10MG B/50  ', 100),
(982, 'M03BX01 ', 'LIORESAL TAB 25MG B/50  ', 100),
(983, 'M03BX05 ', 'COLTRAMYL TAB 4MG B/12  ', 100),
(984, 'M03BX06 ', 'DECONTRACTYL OINT BAUME 80 G  ', 100),
(985, 'M03BX06 ', 'DECONTRACTYL TAB  250MG  B/50 ', 100),
(986, 'M04AA01 ', 'ALLOPURINOL TAB 100 MG B/28 ', 100);
INSERT INTO `drugs` (`drug_id`, `code`, `drug_name`, `unityp`) VALUES
(987, 'M04AA01 ', 'ALLOPURINOL TAB 300 MG B/28 ', 100),
(988, 'M04AA01 ', 'ZYLORIC 200MG TAB B/28 ', 100),
(989, 'M04AA01 ', 'ZYLORIC TAB 100MG B/28 ', 100),
(990, 'M04AA01 ', 'ZYLORIC TAB 300MG B/28 ', 100),
(991, 'M04AC01 ', 'COLCHICINE TAB  1MG B/20 ', 100),
(992, 'M05BA04 ', 'FOSAMAX TAB 10MG ', 100),
(993, 'M05BA06 ', 'CADRONATE TAB 150MG  B/3 ', 100),
(994, 'M05BA08 ', 'ZOLEDRONIC ACID 4MG INJ. 1FL ', 100),
(995, 'N01AF03 ', 'THIOPENTHAL  IV 20ML 1G ', 100),
(996, 'N01AX03 ', 'KETAMINE INJ 50MG/ML 10ML ', 100),
(997, 'N01BB01 ', 'MARCAINE  INJ 0.5% SPINAL HEAVY  4ML   ', 100),
(998, 'N02AA01 ', 'ZOMORPH TAB 10 MG  ', 100),
(999, 'N02AA01 ', 'ZOMORPH TAB 30 MG ', 100),
(1000, 'N02AA01 ', 'MORPHINE INJ  1ML ', 100),
(1001, 'N02AA59 ', 'MIGRALGINE CAP B/12  ', 100),
(1002, 'N02AB02 ', 'PETHIDINE  INJ VIAL 50 MG ', 100),
(1003, 'N02AB03 ', '\"FENTANYL  INJ 10ML 0', 100),
(1004, 'N02AD01 ', 'PENTAZOCINE TAB 50MG  ', 100),
(1005, 'N02AX02 ', 'TRAMADOL HYDROCHLORIDE  INJ 50MG/ML ', 100),
(1006, 'N02AX02 ', 'TRAMADOL HYDROCHLORIDE 50MG EFF TAB. BTE/15 ', 100),
(1007, 'N02AX02 ', 'TRAMADOL HYDROCHLORIDE CAPS. 50MG  ', 100),
(1008, 'N02AX02 ', 'TRAMADOL INJ 100MG/ML ', 100),
(1009, 'N02AX52 ', 'ANTALGEX T  TAB.  ', 100),
(1010, 'N02BA01 ', 'AAS INJ1000MG  ', 100),
(1011, 'N02BA01 ', 'AAS INJ500MG  ', 100),
(1012, 'N02BA01 ', 'ACETYLSALISYLIC ACID TAB 300MG ', 100),
(1013, 'N02BA01 ', 'ACETYLSALISYLIC ACID TAB 500MG ', 100),
(1014, 'N02BA01 ', 'ASPEGIC  INJ 1g 1AMP ', 100),
(1015, 'N02BA01 ', 'ASPEGIC  INJ 500MG 1AMP ', 100),
(1016, 'N02BA01 ', 'ASPEGIC SACHET 1000MG  B/20 ', 100),
(1017, 'N02BA01 ', 'ASPEGIC SACHET 100MG  B/20 ', 100),
(1018, 'N02BA01 ', 'ASPEGIC SACHET 250MG B/20 ', 100),
(1019, 'N02BA01 ', 'ASPEGIC SACHET 500MG B/20 ', 100),
(1020, 'N02BE01 ', 'PARACETAMOL  120 MG /5 ML SYRUP 60ML ', 100),
(1021, 'N02BE01 ', 'PARACETAMOL  120 MG/5 ML SYRUP 100ML ', 100),
(1022, 'N02BE01 ', 'PARACETAMOL  INJ   100 MG   100ML ', 100),
(1023, 'N02BE01 ', 'PARACETAMOL EFFERV. TAB 500MG ', 100),
(1024, 'N02BE01 ', 'PARACETAMOL SUPPO 125MG  OR 100MG ', 100),
(1025, 'N02BE01 ', 'PARACETAMOL SUPPO 250MG  OR 200MG ', 100),
(1026, 'N02BE01 ', 'PARACETAMOL TAB 100MG ', 100),
(1027, 'N02BE01 ', 'PARACETAMOL TAB 500MG ', 100),
(1028, 'N02BE51 ', 'ANTIGRIPPINE TAB B/12 ', 100),
(1029, 'N02BE51 ', 'BETAPYN TAB B/18 ', 100),
(1030, 'N02BE51 ', 'CODOLIPRANE AD.  TAB  B/8 ', 100),
(1031, 'N02BE51 ', 'COLD CAP / DACOLD CAP ', 100),
(1032, 'N02BE51 ', 'COLD CAP  SP 100ML/DACOLD SP 100ML ', 100),
(1033, 'N02BE51 ', 'COLDAREST TAB  ', 100),
(1034, 'N02BE51 ', 'EFFERALGAN CODEINE EFF. 8 TAB  ', 100),
(1035, 'N02BE51 ', 'FEBRILEX JUNIOR SYRUP 125 MG/ML BTTLE 150ML', 100),
(1036, 'N02BE51 ', 'FEBRILEX SYRUP 150 ML ', 100),
(1037, 'N02BE51 ', 'FEBRILEX TAB B/4 ', 100),
(1038, 'N02BE51 ', 'FERVEX ADULT  SACHET B/8 ', 100),
(1039, 'N02BE51 ', 'FERVEX ENFANT SACHET B/8 ', 100),
(1040, 'N02BE51 ', 'FEVAROL SYRUP 100ML  ', 100),
(1041, 'N02BE51 ', 'FEVAROL TAB   B/200 ', 100),
(1042, 'N02BE51 ', 'FLUCOLDEX SP 100ML ', 100),
(1043, 'N02BG06 ', 'ACUPAM 20 MG INJ. ', 100),
(1044, 'N02CA01 ', '\"DIHYDERGOT TAB 2', 100),
(1045, 'N02CA52 ', 'CAFERGOT TAB  100 MG+1MG  ', 100),
(1046, 'N02CC01 ', 'SUMATRIPTAN  TAB 50 MG  ', 100),
(1047, 'N03AA02 ', 'PHENOBARBITAL  INJ 100MG/ML 2ML/VIAL.  ', 100),
(1048, 'N03AA02 ', 'PHENOBARBITAL TAB 100MG ', 100),
(1049, 'N03AA02 ', 'PHENOBARBITAL TAB 30MG ', 100),
(1050, 'N03AA02 ', 'PHENOBARBITAL TAB 50MG STEROP ', 100),
(1051, 'N03AB02 ', 'PHENYTOIN TAB 100MG ', 100),
(1052, 'N03AB02 ', 'PHENYTOIN INJ 200MG  ', 100),
(1053, 'N03AE01 ', 'RIVOTRIL DROPS  2.5 MG/ML 20 ML   ', 100),
(1054, 'N03AE01 ', '\"RIVOTRIL TAB  0', 100),
(1055, 'N03AE01 ', 'RIVOTRIL TAB  2MG B/40   ', 100),
(1056, 'N03AF01 ', 'CARBAMAZEPINE TAB 200MG ', 100),
(1057, 'N03AF01 ', 'TEGRETOL SP. 150 ML  ', 100),
(1058, 'N03AG01 ', 'DEPAKINE CHRONO TAB 500MG B/30 ', 100),
(1059, 'N03AG01 ', 'DEPAKINE ORAL. SOL  40ML ', 100),
(1060, 'N03AG01 ', 'DEPAKINE SYRUP 150 ML ', 100),
(1061, 'N03AG01 ', 'DEPAKINE TAB 500MG B/40 ', 100),
(1062, 'N03AG01 ', 'DEPAKINE TAB 150MG B/40 ', 100),
(1063, 'N03AG01 ', 'DEPAKINE TAB 300MG B/40 ', 100),
(1064, 'N03AG01 ', 'DEPAKINE TAB 200MG B/40 ', 100),
(1065, 'N03AG01 ', 'SODIUM VALPROATE TAB 200MG ', 100),
(1066, 'N03AG01 ', 'SODIUM VALPROATE TAB 300MG ', 100),
(1067, 'N03AG01 ', 'SODIUM VALPROATE TAB 500MG ', 100),
(1068, 'N03AG03 ', 'GAMALATE B6 SP 80ML   ', 100),
(1069, 'N03AG03 ', 'GAMALATE B6 TAB B/20   ', 100),
(1070, 'N03AX09 ', 'LAMICTAL TAB 100 MG  ', 100),
(1071, 'N03AX09 ', 'LAMICTAL TAB 25MG   ', 100),
(1072, 'N03AX09 ', 'LAMOTRIGINE TAB 100MG  ', 100),
(1073, 'N03AX12 ', 'NEURONTIN  CAPS 300MG  ', 100),
(1074, 'N03AX12 ', 'NEURONTIN TAB 100MG  ', 100),
(1075, 'N03AX16 ', 'PREGABALIN CAPS 25 MG   ', 100),
(1076, 'N03AX16 ', 'PREGABALIN 75MG CAPS  B/20 ', 100),
(1077, 'N03AX16 ', 'NEUROGIL CAPS 150MG ', 100),
(1078, 'N04AA01 ', 'ARTANE TAB  2MG ', 100),
(1079, 'N04AA01 ', 'ARTANE TAB  5MG ', 100),
(1080, 'N04AA02 ', 'AKINETON  TAB 2MG B/20 ', 100),
(1081, 'N04BA02 ', 'SINEMET TAB 250 MG ', 100),
(1082, 'N04BA02 ', 'PROLOPA  125MG CAPS ', 100),
(1083, 'N04BA02 ', 'PROLOPA  250MG CAPS  ', 100),
(1084, 'N05AA01 ', 'CHLORPROMAZINE  INJ. 25MG/ML 2ML/AMP', 100),
(1085, 'N05AA01 ', 'CHLORPROMAZINE TAB 100MG ', 100),
(1086, 'N05AA01 ', 'CHLORPROMAZINE TAB 25MG ', 100),
(1087, 'N05AA02 ', 'NOZINAN TAB  100MG B/20 ', 100),
(1088, 'N05AA02 ', 'NOZINAN TAB  25MG B/50  ', 100),
(1089, 'N05AD01 ', 'HALDOL DECANOAS   INJ VIAL 100MG ', 100),
(1090, 'N05AD01 ', 'HALDOL DECANOAS  INJ VIAL 50MG  ', 100),
(1091, 'N05AD01 ', 'HALDOL OR. SOL DROPS 15ML  ', 100),
(1092, 'N05AD01 ', 'HALOPERIDOL  5 MG/1 ML INJ   ', 100),
(1093, 'N05AD01 ', 'HALOPERIDOL TAB 1MG  ', 100),
(1094, 'N05AD01 ', 'HALOPERIDOL TAB 5MG ', 100),
(1095, 'N05AD05 ', 'DIPIPERON 40MG/ML OR. SOL  ', 100),
(1096, 'N05AD05 ', 'DIPIPERON TAB 40MG  ', 100),
(1097, 'N05AF01 ', 'FLUANXOL DEPOT  2% 20MG/ ML VIAL  ', 100),
(1098, 'N05AF01 ', 'FLUANXOL TAB 1MG B/50  ', 100),
(1099, 'N05AF05 ', 'CLOPIXOL DEPOT 200MG/ML 1ML 1 AMP  ', 100),
(1100, 'N05AH03 ', 'ZYPREXA TAB 10MG   ', 100),
(1101, 'N05AH03 ', 'ZYPREXA TAB 5 MG   ', 100),
(1102, 'N05AL01 ', 'DOGMATIL TAB  200MG  B/30  ', 100),
(1103, 'N05AL01 ', 'DOGMATIL TAB  50MG  B/30 ', 100),
(1104, 'N05AX08 ', 'RISPERDAL  TAB 2MG  ', 100),
(1105, 'N05AX08 ', 'RISPERDAL  TAB 4MG  ', 100),
(1106, 'N05BA01 ', 'DIAZEPAM  INJ. 10 MG/2 ML ', 100),
(1107, 'N05BA01 ', 'DIAZEPAM TAB  10MG ', 100),
(1108, 'N05BA01 ', 'DIAZEPAM TAB  5MG ', 100),
(1109, 'N05BA05 ', 'TRANXENE TAB 10MG B/30  ', 100),
(1110, 'N05BA05 ', 'TRANXENE TAB 5MG B/30  ', 100),
(1111, 'N05BA06 ', 'TEMESTA TAB 1MG  ', 100),
(1112, 'N05BA06 ', '\"TEMESTA 2', 100),
(1113, 'N05BA08 ', 'LEXOTAN OU LEXOMIL  TAB  3MG B/20  ', 100),
(1114, 'N05BA08 ', 'LEXOTAN OU LEXOMIL  TAB  6MG B/20  ', 100),
(1115, 'N05BA09 ', 'URBANYL TAB 10MG B/30  ', 100),
(1116, 'N05BA12 ', 'XANAX 0.25 TAB MG 50  ', 100),
(1117, 'N05BA12 ', 'XANAX TAB  0.5MG  ', 100),
(1118, 'N05BB01 ', 'ATARAX TAB  25MG B/30 ', 100),
(1119, 'N05BC01 ', 'MEPROBAMATE TAB 400MG B/20 ', 100),
(1120, 'N05BX03 ', 'STREZAM TAB 50 MG B/24  ', 100),
(1121, 'N05CD08 ', 'MIDAZOLAM AMP. 15 MG/ ML AMP. 3 ML', 100),
(1122, 'N05CF01 ', '\"IMOVANE TAB 7', 100),
(1123, 'N05CF02 ', 'STILNOCT TAB 10MG   B/30 ', 100),
(1124, 'N06AA02 ', 'TOFRANIL TAB  10MG B/60  ', 100),
(1125, 'N06AA02 ', 'TOFRANIL TAB 25MG B/60  ', 100),
(1126, 'N06AA04 ', 'ANAFRANIL FORT TAB 75MG  B/20  ', 100),
(1127, 'N06AA04 ', 'ANAFRANIL TAB 10MG B/60  ', 100),
(1128, 'N06AA04 ', 'ANAFRANIL TAB 25MG B/30 ', 100),
(1129, 'N06AA09 ', 'AMITRIPTYLINE TAB 25MG ', 100),
(1130, 'N06AA21 ', 'LUDIOMIL TAB  10MG B/50  ', 100),
(1131, 'N06AA21 ', 'LUDIOMIL TAB  25MG B/20     ', 100),
(1132, 'N06AA21 ', 'LUDIOMIL TAB  50MG B/30    ', 100),
(1133, 'N06AB03 ', 'FLUOXETINE CAPS. 20MG ', 100),
(1134, 'N06AB03 ', 'PROZAC 20MG 1CAPS B/28 ', 100),
(1135, 'N06AB04 ', 'CITALOPRAM TAB 10MG  ', 100),
(1136, 'N06AB04 ', 'CITALOPRAM TAB 20MG  ', 100),
(1137, 'N06AB04 ', 'CITALOPRAM TAB 40MG  ', 100),
(1138, 'N06AX05 ', 'TRAZOLAN TAB 100MG  ', 100),
(1139, 'N06BA07 ', 'MODAFINIL TAB 100MG  ', 100),
(1140, 'N06BC01 ', 'CAFFEINE CITRATE INJ ', 100),
(1141, 'N06BX03 ', '\"NOOTROPIL INJ 1G B/12', 100),
(1142, 'N06BX03 ', 'NOOTROPIL TAB 1200 MG  ', 100),
(1143, 'N06BX03 ', 'NOOTROPIL TAB 800MG B/45  ', 100),
(1144, 'N06BX03 ', 'PIRACETAM 1G VIAL ', 100),
(1145, 'N06BX03 ', 'PIRACETAM TAB 800 MG ', 100),
(1146, 'N06BX03 ', 'PIRACETAM TAB 400MG (MERCK) ', 100),
(1147, 'N06BX06 ', 'TRAUSAN GOUTTE 50ML  ', 100),
(1148, 'N06CA02 ', 'DEANXIT TAB B/30    ', 100),
(1149, 'N07AA01 ', '\"NEOSTIGMINE  INJ 0', 100),
(1150, 'N07AA02 ', 'MESTINON TAB 10MG B/50   ', 100),
(1151, 'N07AA02 ', 'MESTINON TAB 60MG  ', 100),
(1152, 'N07BB01 ', 'ANTABUSE TAB  ', 100),
(1153, 'N07CA01 ', 'BETASERC TAB 8MG ', 100),
(1154, 'N07CA02 ', 'CINNARIZINE TAB 75 MG ', 100),
(1155, 'N07CA02 ', 'STUGERON FORTE TAB  75MG B/20 ', 100),
(1156, 'N07CA02 ', 'STUGERON TAB 25MG B/50 ', 100),
(1157, 'N07CA04 ', 'TANGANIL TAB 500MG B/30  ', 100),
(1158, 'P01AA05 ', 'INTETRIX CAPS.  B/20  ', 100),
(1159, 'P01AB01 ', 'FLAGYL SP  4% 120ML  ', 100),
(1160, 'P01AB01 ', 'METRONIDAZOLE SP 125MG/5ML 100ML ', 100),
(1161, 'P01AB01 ', 'METRONIDAZOLE SP 125MG/5ML 60ML ', 100),
(1162, 'P01AB01 ', 'METRONIDAZOLE TAB  250MG ', 100),
(1163, 'P01AB01 ', 'STERAZOLE SP 125MG/5ML 100ML ', 100),
(1164, 'P01AB02 ', 'TINIDAZOLE TAB  500 MG  ', 100),
(1165, 'P01AB07 ', 'FLAGENTYL TAB 500 MG  ', 100),
(1166, 'P01AB07 ', 'SECGYL  TAB 1G ', 100),
(1167, 'P01AB07 ', 'UNIGENTYL  TAB 500MG ', 100),
(1168, 'P01AB51 ', 'ENTAMIZOLE TAB 250 MG B/30 ', 100),
(1169, 'P01AB51 ', 'ENTAMIZOLE DS TAB 500 MG  B/15 ', 100),
(1170, 'P01AB51 ', 'ENTAMIZOLE SP 100 ML ', 100),
(1171, 'P01AX08 ', 'ATRICAN TAB 250MG B/8 ', 100),
(1172, 'P01BA02 ', 'HYDROXYCHLOROQUINE TAB 200MG ', 100),
(1173, 'P01BC01 ', 'QUININE  INJ  500 MG/2ML ', 100),
(1174, 'P01BC01 ', 'QUININE  INJ  600 MG/2ML ', 100),
(1175, 'P01BC01 ', 'QUININE TAB  300 MG ', 100),
(1176, 'P01BC02 ', 'MEFLOQUINE TAB 250 MG   ', 100),
(1177, 'P01BE03 ', 'ARTESUNATE 60 GM IM /IV  ', 100),
(1178, 'P01BF01 ', 'COARTEM  TABS 0 - 15 KG B/6 ', 100),
(1179, 'P01BF01 ', 'COARTEM TABS 15 - 25KG  B/12 ', 100),
(1180, 'P01BF01 ', 'COARTEM  TABS 25 - 35 KG B/18 ', 100),
(1181, 'P01BF01 ', 'COARTEM  TABS 35KG - AD B/24 ', 100),
(1182, 'P01BF01 ', 'ARTEMETHER LUMEFANTRINE 20/120  TAB  B/24  ', 100),
(1183, 'P02BA01 ', 'PRAZIQUANTEL TAB 600MG ', 100),
(1184, 'P02CA01 ', 'MEBENDAZOLE SP 100MG/5ML ', 100),
(1185, 'P02CA01 ', 'MEBENDAZOLE TAB 100MG ', 100),
(1186, 'P02CA02 ', 'THIABENDAZOLE TAB 500 MG ', 100),
(1187, 'P02CA03 ', 'ALBENDAZOLE SP 200MG/5ML BOTTLE/10ML ', 100),
(1188, 'P02CA03 ', 'ALBENDAZOLE TAB 400MG ', 100),
(1189, 'P02CA03 ', 'VERZOL SP 4% 10ML ', 100),
(1190, 'P02CB02 ', 'DIETHYLCARBAMAZINE TAB 50MG  ', 100),
(1191, 'P02CC01 ', 'HELMINTOX SYRUP 15 ML  ', 100),
(1192, 'P02CC01 ', 'HELMINTOX TAB 250 MG  B/3  ', 100),
(1193, 'P02DA01 ', 'NICLOSAMIDE TAB 500 MG   B/4 ', 100),
(1194, 'P03AX01 ', 'ASCABIOL SOL 125 ML ', 100),
(1195, 'P03AX01 ', 'BENZYL BENZOATE SOL  25% 50ML ', 100),
(1196, 'R01AA05 ', 'SINAREST 0.05% NAS.DROPS 10ML ', 100),
(1197, 'R01AA07 ', '\"OTRIVINE 0', 100),
(1198, 'R01AA07 ', '\"OTRIVINE 0', 100),
(1199, 'R01AA07 ', 'XYLO-ACINO SPRAY NASALE 0.1% ', 100),
(1200, 'R01AA07 ', 'XYLOMETAZOLINE NAS. DROPS 0.05%  15ML ', 100),
(1201, 'R01AA07 ', 'XYLOMETAZOLINE NAS. DROPS 0.1%  15ML ', 100),
(1202, 'R01AB01 ', 'VIBROCIL NASAL DROPS 15 ML   ', 100),
(1203, 'R01AD01 ', 'BECLOMETHASONE NASAL SPRAY  50MCG ', 100),
(1204, 'R01AD01 ', 'BECLOMETHAZONE SPRAY 250MCG OR 200MCG', 100),
(1205, 'R01AD05 ', 'RHINOCORT AQUA 64 MCG 120 DOSES  ', 100),
(1206, 'R01AD08 ', 'FLIXONASE AQUA 50 MCG 12O DOSES  ', 100),
(1207, 'R01AD08 ', 'FLIXOTIDE  125 MCG120 DOSES  ', 100),
(1208, 'R01AD08 ', 'FLIXOTIDE  50 MCG  120 DOSES  ', 100),
(1209, 'R01AD09 ', 'NASONEX   50µG  40DOSES ', 100),
(1210, 'R01AD12 ', 'AVAMYS SPRAY 120 DOSES ', 100),
(1211, 'R01AD57 ', 'PIVALONE  NASAL  SPRAY 10 ML  ', 100),
(1212, 'R01AX06 ', 'BACTROBAN NASAL OINT  TBE  10 OR 15G OR 30G ', 100),
(1213, 'R01AX08 ', 'SOFRAMYCINE SIMPLE NASAL SOL  15 ML   ', 100),
(1214, 'R01AX10 ', 'PHYSIOL.SOLUTION  NASAL DROPS  15ML ', 100),
(1215, 'R01AX30 ', 'ARGYROEPHEDRINE SOL  0.5% 20ML NASAL DROPS ', 100),
(1216, 'R01AX30 ', '\"ARGYROL DROPS  0', 100),
(1217, 'R01AX30 ', 'ARGYROL DROPS  1% 15ML OR 20ML NASAL DROPS', 100),
(1218, 'R01BA02 ', 'RINOMAR TABS B/24  ', 100),
(1219, 'R01BA02 ', 'SINUTAB TAB   ', 100),
(1220, 'R01BA52 ', 'ACTIFED JOUR ET NUIT B/16 TAB  ', 100),
(1221, 'R01BA52 ', 'ACTIFED SYRUP  100ML  ', 100),
(1222, 'R01BA52 ', 'DOLIPREX SACHET B/8 SACHET ', 100),
(1223, 'R01BA53 ', 'PAIDOTERIN SYRUP BOTTLE 100ML ', 100),
(1224, 'R02AA03 ', 'STREPSIL PAST B/36  ', 100),
(1225, 'R02AB02 ', 'ANGINOVAG SPRAY 10ML 1BOTTLE  ', 100),
(1226, 'R02AB04 ', 'MAXILASE 3000 TAB  B/24  ', 100),
(1227, 'R02AD01 ', 'MEDI-KEEL A HONEY AND LEMON PAST  ', 100),
(1228, 'R03AA01', 'ADRENALINE INJ 0.5MG/ML  1ML/AMPOULE ', 100),
(1229, 'R03AA01', 'ADRENALINE INJ 1MG/ML  1ML/AMPOULE ', 100),
(1230, 'R03AC02 ', '\"SALBUTAMOL  INJ  0', 100),
(1231, 'R03AC02 ', 'SALBUTAMOL SP 100ML ', 100),
(1232, 'R03AC02 ', '\"SALBUTAMOL SPRAY', 100),
(1233, 'R03AC02 ', 'SALBUTAMOL TAB  2MG  ', 100),
(1234, 'R03AC02 ', 'SALBUTAMOL TAB  4MG ', 100),
(1235, 'R03AC02 ', 'VENTOLIN  2MG/5ML SYRUP 150 ML ', 100),
(1236, 'R03AC02 ', 'VENTOLIN 100 MCG/DOSES  SPRAY 200 DOSES ', 100),
(1237, 'R03AC02 ', 'VENTOLIN NEBULIZER 10ML ', 100),
(1238, 'R03AC02 ', '\"VENTOLIN NEBULIZER 2 ', 100),
(1239, 'R03AC13 ', 'FORADYL CAPS 12 µg    B/60 ', 100),
(1240, 'R03AK06 ', 'SERETIDE  DISKUS 100µg  /50 µg 60 DOSES ', 100),
(1241, 'R03AK06 ', 'SERETIDE  SPRAY 25µg /125µg 120 DOSES  EVOHALER ', 100),
(1242, 'R03AK06 ', 'SERETIDE  SPRAY 25µg /250µg 120 DOSES  EVOHALER ', 100),
(1243, 'R03AK06 ', 'SERETIDE  SPRAY 25µg /50µg 120 DOSES  EVOHALER  ', 100),
(1244, 'R03AK06 ', 'SERETIDE DISKUS 250µg /50µG  60 DOSES  ', 100),
(1245, 'R03AK06 ', 'SERETIDE DISKUS 500µg /50µG 60 DOSES ', 100),
(1246, 'R03AK07 ', 'SYMBICORT TURBOHALER 160/4.5 60 DOSES ', 100),
(1247, 'R03AL01 ', 'DUOVENT AEROSOL 200 DOSES ', 100),
(1248, 'R03AL02 ', '\"COMBIVENT SOL. INHALATION PAR NEBUL. 2', 100),
(1249, 'R03BA01 ', 'BECLO-ASMA 250MCG AÉROSOL 200 DOSES ', 100),
(1250, 'R03BA01 ', 'BECLO-ASMA 50MCG AÉROSOL 200 DOSES ', 100),
(1251, 'R03BA04 ', '\"CELESTENE ORAL SOL 0', 100),
(1252, 'R03BA04 ', '\"CELESTENE ORAL SOL 0', 100),
(1253, 'R03BA04 ', '\"CELESTENE TAB  0', 100),
(1254, 'R03BA04', 'CELESTENE TAB  2MG  B/30  ', 100),
(1255, 'R03BA04', 'CELESTENE VIAL 4MG/ML B/3  ', 100),
(1256, 'R03CC02 ', 'BUTO-ASTHMA AEROSOL 200 DOSES ', 100),
(1257, 'R03CC02 ', 'BUTO-ASTHMA SYRUP 100 ML ', 100),
(1258, 'R03CC53 ', 'BENYLIN PEDIATRIC SYRUP 100ML (Dry cough 2 years +', 100),
(1259, 'R03CC53 ', 'BENYLLIN CHESTY SYRUP 100ML ( Wet cough 3 years +)', 100),
(1260, 'R03DA04 ', 'UNICONTIN TAB 400 MG  ', 100),
(1261, 'R03DA04 ', 'UNICONTIN TAB 600 MG ', 100),
(1262, 'R03DA04 ', '\"THEOLAIR TAB  250MG B/30', 100),
(1263, 'R03DA04 ', 'THEOPHYLLINE SYRUP ', 100),
(1264, 'R03DA05 ', 'AMINOPHYILLINE INJ 250MG/ML 10ML/AMPOULE ', 100),
(1265, 'R03DA05 ', 'AMINOPHYLLINE TAB 100MG ', 100),
(1266, 'R03DA54 ', 'ACTOPHLEM SYRUP 100ML ', 100),
(1267, 'R03DC03 ', 'MONTELUKAST/KIPEL/SINGULAIR TAB  10 MG  ', 100),
(1268, 'R03DC03 ', 'MONTELUKAST/KIPEL/SINGULAIR  TAB 4 MG  ', 100),
(1269, 'R03DC03 ', 'MONTELUKAST/KIPEL/SINGULAIR  TAB 5MG  ', 100),
(1270, 'R03DC53 ', 'XERIN  TAB B/100 ', 100),
(1271, 'R05CA10 ', 'CADISTIN SYRUP 100ML ', 100),
(1272, 'R05CA10 ', 'SALCOF SYROP  100 ML ', 100),
(1273, 'R05CA10 ', 'RESPIMAX SYRUP ', 100),
(1274, 'R05CB01 ', 'MUCOMYST  200 MG SACHET B/30   ', 100),
(1275, 'R05CB01 ', 'MUCOMYST SP  200MG/5ML 1BOTTLE  ', 100),
(1276, 'R05CB02 ', 'BISOLVON SP 100ML ', 100),
(1277, 'R05CB02 ', 'BISOLVON TAB  8MG B/20 ', 100),
(1278, 'R05CB02 ', 'BROMHEXINE SYRUP 100ML ', 100),
(1279, 'R05CB02 ', 'BROMHEXINE SYRUP 60ML ', 100),
(1280, 'R05CB02 ', 'BROMHEXINE TAB  8MG ', 100),
(1281, 'R05CB02 ', 'BRONQUIDIAZINE 150ML/BOTTLE  ', 100),
(1282, 'R05CB03 ', 'BRONCATHIOL  PED. SYRUP ', 100),
(1283, 'R05CB03 ', 'BRONCATHIOL SYRUP AD 150 ML ', 100),
(1284, 'R05CB03 ', 'FLUDITEC SYRUP AD.  5%  125ML  ', 100),
(1285, 'R05CB03 ', 'FLUDITEC SYRUP CHILD. 2%  125ML  ', 100),
(1286, 'R05CB03 ', 'RHINATHIOL PROMETHAZINE SP 125 ML ', 100),
(1287, 'R05CB03 ', 'RHINATHIOL SP AD 125 ML ', 100),
(1288, 'R05CB03 ', 'RHINATHIOL SP CHILD 125 ML ', 100),
(1289, 'R05CB06 ', 'AMBROXOL  60MG TAB  B/10  ', 100),
(1290, 'R05CB06 ', 'SEKROL AD SYRUP 150ML  ', 100),
(1291, 'R05CB06 ', 'SEKROL PEDIATRIC SYRUP 100ML  ', 100),
(1292, 'R05CB10 ', 'ASCORIL EXPECTORANT BOTTLE 100ML ', 100),
(1293, 'R05CB10 ', 'PECTORAL SYRUP  120 ML AD ', 100),
(1294, 'R05CB10 ', 'PECTORAL SYRUP  120 ML PED  ', 100),
(1295, 'R05CB10 ', 'VIFEX SYRUP 100ML  ', 100),
(1296, 'R05CB10 ', 'MUCOLYN SP ', 100),
(1297, 'R05DA04 ', 'CODEINE TAB 30 MG  ', 100),
(1298, 'R05DA04 ', 'NÉOCODION ADULTES SYRUP 180 ML ', 100),
(1299, 'R05DA04 ', 'NEOCODION BB SYRUP  125 ML ', 100),
(1300, 'R05DA04 ', 'NÉOCODION ENFANT SYRUP 125 ML ', 100),
(1301, 'R05DA04 ', 'NEOCODION TAB B/20 ', 100),
(1302, 'R05DA08 ', 'BRONCHALENE AD SYRUP  150 ML ', 100),
(1303, 'R05DA08 ', 'BRONCHALENE CHILD SYRUP  150 ML ', 100),
(1304, 'R05DA20 ', 'EUCALYPTINE SP 200ML  ', 100),
(1305, 'R05DA20 ', 'TERPINE CODEINE TAB ', 100),
(1306, 'R05DA20 ', 'TERPINE NOSCAPINE 110 MG  TAB ', 100),
(1307, 'R05DB21 ', 'SEKISAN SIROP  ', 100),
(1308, 'R05FB02 ', 'TERPONE SP 180 ML ADULT  ', 100),
(1309, 'R05FB02 ', 'TERPONE SP CHILD 180 ML  ', 100),
(1310, 'R05FB02 ', ' TRIMEX DIABETIC SYRUP  ', 100),
(1311, 'R06AB02 ', 'POLARAMINE  TAB 2MG  B/30  ', 100),
(1312, 'R06AB03 ', 'FENISTIL ORAL. SOL DROPS  20ML ', 100),
(1313, 'R06AB03 ', 'FENISTIL SIMPLE TAB 1MG  B/20 ', 100),
(1314, 'R06AB04 ', 'CHLORPHENIRAMINE TAB 4MG ', 100),
(1315, 'R06AB04 ', 'CHLORPHENIRAMINE SP 60ML ', 100),
(1316, 'R06AB04 ', 'CHLORPHENIRAMINE SYRUP 100ML ', 100),
(1317, 'R06AB52 ', 'CELESTAMINE TAB B/30  ', 100),
(1318, 'R06AB52 ', '\"CELESTONE ORAL SOL 0', 100),
(1319, 'R06AB52 ', '\"CELESTONE TAB 0', 100),
(1320, 'R06AB54 ', 'RHINOFEBRAL CAPS ', 100),
(1321, 'R06AD02 ', 'PHENERGAN SYRUP 150 ML  ', 100),
(1322, 'R06AD02 ', 'PROMETHAZINE INJ 25MG/ML ', 100),
(1323, 'R06AD02 ', 'PROMETHAZINE SYRUP 100ML ', 100),
(1324, 'R06AD02 ', 'PROMETHAZINE SYRUP 60ML  ', 100),
(1325, 'R06AD02 ', 'PROMETHAZINE TAB  25 MG ', 100),
(1326, 'R06AD08 ', 'TOPLEXIL SYRUP 150ML  ', 100),
(1327, 'R06AE05 ', 'AGYRAX TAB 25 MG   B/15 ', 100),
(1328, 'R06AE05 ', 'POSTAFENE TAB 25MG B/25  ', 100),
(1329, 'R06AE07 ', 'CETRIZINE SYRUP 60 ML ', 100),
(1330, 'R06AE07 ', 'CETRIZINE TAB 10MG ', 100),
(1331, 'R06AE09 ', 'LEVOCETRIZINE TAB 5MG  ', 100),
(1332, 'R06AX27 ', '\"AKEROL SYRUP 60ML', 100),
(1333, 'R06AX27 ', 'AKEROL TAB 5MG BOX OF  B/20  ', 100),
(1334, 'R06AX13 ', 'CLARYTINE SYRUP 5MG/5ML 60ML  ', 100),
(1335, 'R06AX13 ', 'CLARYTINE TAB  10MG  ', 100),
(1336, 'R06AX13 ', 'LORATADINE TAB 10MG  ', 100),
(1337, 'R06AX13 ', 'LORHISTINA SYRUP 5MG/5ML BOTTLE 60ML  ', 100),
(1338, 'R06AX17 ', 'KETOTIFEN SP 100ML ', 100),
(1339, 'R06AX17 ', 'ZADITEN SYRUP 150ML  ', 100),
(1340, 'R06AX17 ', 'ZADITEN TAB 1MG B/30  ', 100),
(1341, 'R06AX22 ', 'EROSTIN 10 MG TAB ', 100),
(1342, 'R06AX22 ', 'EROSTIN  SYRUP ', 100),
(1343, 'R06AX27 ', '\"AERIUS SYRUP 0', 100),
(1344, 'R06AX27 ', 'DESLOR TAB 5MG B/15 ', 100),
(1345, 'S01AA01 ', 'CHLORAMPHENICOL  EYE OINT ', 100),
(1346, 'S01AA01 ', '\"CHLORAMPHENICOL EYE DROP 0', 100),
(1347, 'S01AA09 ', 'TETRACYCLINE EYE OINT 1% ', 100),
(1348, 'S01AA10 ', 'NATAMYCINE  EYE DROP ', 100),
(1349, 'S01AA11 ', 'GENTAMYCIN EYE DROP ', 100),
(1350, 'S01AA11 ', 'GENTAMYCIN EYE OINT ', 100),
(1351, 'S01AA12 ', 'TOBREX  ONG OPH 3.5G 0.3%  ', 100),
(1352, 'S01AA12 ', 'TOBREX EYE DROP  ', 100),
(1353, 'S01AA12 ', 'BRACIN 0.3% EYE DROP  ', 100),
(1354, 'S01AA13 ', 'FUCITHALMIC 1%  OPHTA. GEL TBE OF 3G  ', 100),
(1355, 'S01AA16 ', 'RIFAMYCINE EYE DROP 10ML ', 100),
(1356, 'S01AA16 ', 'RIFAMYCINE EYE OINT ', 100),
(1357, 'S01AD03 ', 'ACICLOVIR EYE OINT 3%  4.5G OR 5G ', 100),
(1358, 'S01AD03 ', '\"ZOVIRAX EYE OINT 4', 100),
(1359, 'S01AE02 ', '\"CHIBROXINE EYE DROPS 0', 100),
(1360, 'S01AE02 ', '\"FLOXSOL 0', 100),
(1361, 'S01AE07 ', 'OXCIN EYE DROP  ', 100),
(1362, 'S01AX ', 'FLUZOL EYE/EAR DROP 10ML ', 100),
(1363, 'S01BA01 ', 'DEXAMETHASONE EYE DROP  ', 100),
(1364, 'S01BA01 ', '\"MAXIDEX EYE DROP 0', 100),
(1365, 'S01BA02 ', 'HYDROCORTISONE EYE DROP ', 100),
(1366, 'S01BA04 ', 'PREDNISONE   EYE DROP ', 100),
(1367, 'S01BA04 ', 'PRED FORTE 1% EYE DROP ', 100),
(1368, 'S01BA07 ', 'FLUCON EYE DROP 1MG/ML 5ML OR 3ML  ', 100),
(1369, 'S01BC03 ', 'DIFENASOL EYE DROPS  ', 100),
(1370, 'S01BC03 ', 'DICLOFENAC EYE DROPS 0.1% ', 100),
(1371, 'S01BC08 ', 'SOPHTAL EYE DROP 10 ML  ', 100),
(1372, 'S01CA01 ', 'CHIBRO-CADRON EYE DROPS 5ML ', 100),
(1373, 'S01CA01 ', 'DEXAGENTA EYE DROP 5ML ', 100),
(1374, 'S01CA01 ', 'NEOMDEXSOL ', 100),
(1375, 'S01CA01 ', 'MAXIDROL/MAXITROL    EYE DROP  ', 100),
(1376, 'S01CA01 ', '\"MAXIDROL/MAXITROL  EYE OINT 3', 100),
(1377, 'S01CA01 ', 'TOBRADEX EYE DROP  ', 100),
(1378, 'S01CA01 ', 'TOBRADEX EYE OINT 3.5G  ', 100),
(1379, 'S01CA01 ', 'OXCIN-D EYE DROP ', 100),
(1380, 'S01CA02 ', 'NÉOPRED EYE DROP  ', 100),
(1381, 'S01CA03 ', 'TERRA-CORTRIL EYE OINT 3.5 GR  ', 100),
(1382, 'S01CA03 ', 'TERRA-CORTRYL EYE DROPS ', 100),
(1383, 'S01EA05 ', 'ALPHAGAN EYE DROP 5ML BOTTLE  ', 100),
(1384, 'S01EB01 ', 'PILOCARPINE EYE DROP 1 % ', 100),
(1385, 'S01EB01 ', 'PILOCARPINE EYE DROP 2 %  ', 100),
(1386, 'S01EC01 ', 'ACETAZOLAMIDE TAB 250MG ', 100),
(1387, 'S01EC01 ', 'DIAMOX TAB 250MG ', 100),
(1388, 'S01EC03 ', 'TRUSOPT EYE DROP 2% 5ML  ', 100),
(1389, 'S01EC04 ', 'AZOPT EYE DROP 1% 5 ML ', 100),
(1390, 'S01ED01 ', 'TIMOLOL 0.25% EYE DROP 5 ML  ', 100),
(1391, 'S01ED01 ', 'TIMOSOL  0.5%  EYE DROP 5ML ', 100),
(1392, 'S01ED02 ', '\"BETOPTIC EYE DROP 0', 100),
(1393, 'S01ED02 ', '\"BETOPTIC EYE DROP 0', 100),
(1394, 'S01ED51 ', 'COSOPT EYE DROP  ', 100),
(1395, 'S01ED51 ', 'XALACOM  EYE DROP 2.5 ML ', 100),
(1396, 'S01EE01 ', 'CEXOLAN 50 MCG/ML 2.5 ML  EYE DROPS ', 100),
(1397, 'S01EE01 ', '\"XALATAN   EYE DROP  0', 100),
(1398, 'S01EE03 ', '\"LUMIGAN  EYE DROP 0', 100),
(1399, 'S01EE04 ', 'TRAVOPROST   DROPS 0.004% ', 100),
(1400, 'S01FA01  ', '\"ATROPINE EYE DROP  0', 100),
(1401, 'S01FA01  ', 'ATROPINE EYE DROP  1% 10ML ', 100),
(1402, 'S01FA04 ', 'CYCLOGYL 1% EYE DROP 5ML   ', 100),
(1403, 'S01FA06 ', '\"MYDRIACYL', 100),
(1404, 'S01FA06 ', '\"MYDRIACYL', 100),
(1405, 'S01GA52 ', 'LRJ  EYE DROP  ', 100),
(1406, 'S01GX01 ', 'CROMSOL  EYE DROP  5ML ', 100),
(1407, 'S01GX03 ', '\"NAAXIA EYE DROP 4', 100),
(1408, 'S01GX05 ', '\"ALMIDE EYE DROP  0', 100),
(1409, 'S01GX06 ', 'EMADINE 0.05% 5ML ', 100),
(1410, 'S01GX09 ', 'OLOPATADINE EYE DROP ', 100),
(1411, 'S01XA10 ', 'CATACOL EYE DROP ', 100),
(1412, 'S01XA20 ', 'DURATEARS  3.5G OINT  ', 100),
(1413, 'S01XA20 ', 'GEL LARME  15 GR ', 100),
(1414, 'S01XA20 ', 'LACRYVISC GEL OPHT  15G  ', 100),
(1415, 'S01XA20 ', 'LARMES ARTIFICIELLES OR LARMES NATURELLES OR  ARTI', 100),
(1416, 'S01XA20 ', 'METHYLCELLULOSE EYE DROPS  ', 100),
(1417, 'S02AA01 ', '\"CHLORAMPHENICOL  EAR  DROPS 0', 100),
(1418, 'S02AA03 ', 'ABBORI EAR DROP 10ML ', 100),
(1419, 'S02AA12 ', 'OTOPHA EAR.SOL 10 ML ', 100),
(1420, 'S02AA16 ', 'OFLOCET  EAR DROPS 1.5 MG/0.5 ML   20 DOSES ', 100),
(1421, 'S02AA30 ', 'CANDIBIOTIC EAR DROPS  ', 100),
(1422, 'S02CA06 ', 'POLYDEXA EAR DROPS 10 ML  ', 100),
(1423, 'S02CA07 ', 'PANOTILE EAR DROPS 8 ML  ', 100),
(1424, 'S02DA01 ', 'OTOCALMINE EAR DROPS 18ml  ', 100),
(1425, 'S02DA30 ', 'OTIPAX EAR DROP  ', 100),
(1426, 'S02DC02 ', 'CERULYX  EAR DROPS 10 ML  ', 100),
(1427, 'S03AA07 ', 'CILOXAN  EYE/EAR   DROP  ', 100),
(1428, 'S03AA07 ', 'CILOXAN EYE  DROP 0.3% 5ML  ', 100),
(1429, 'S03AA07 ', 'CIPROFLOXACIN EYE DROP 0.3%  5ml ', 100),
(1430, 'V03AB15 ', 'NALOXONE INJ 0.4MG/ML 1ML  ', 100),
(1431, 'V03AE01 ', 'KAYEXELATE CALCIUM 300G ', 100),
(1432, 'V03AE01 ', 'KAYEXELATE SODIUM 450G ', 100),
(1433, 'V03AK ', 'COTTON HYDROPHILE 100G ', 100),
(1434, 'V03AK ', 'COTTON HYDROPHILE 50G ', 100),
(1435, 'V07AB ', 'WATER FOR INJECTION 10ML ', 100),
(1436, 'V08AA01 ', 'GASTROGRAPHINE 100ML  ', 100),
(1437, 'V08AA01 ', 'UROGRAPHINE  INJ ', 100),
(1438, 'V20 ', '\"SPARADRAP  2', 100),
(1439, 'V20 ', 'SPARADRAP  5 CM ', 100),
(1440, 'V20 ', 'SPARADRAP  7 CM ', 100),
(1441, '0', 'AERO CHAMBER WITH MASK CHILD 1- 5YEARS 1PCE ', 100),
(1442, '0', 'AERO CHAMBER WITH MASK CHILD 5YEARS 1PC ', 100),
(1443, '0', 'AERO CHAMBER WITH MASK INFANT 0- 18 MONTHS 1PCE ', 100),
(1444, '0', 'AEROCHAMBER PLUS FLOW-VU 0-18M SMALL MASK 1KIT ', 100),
(1445, '0', 'AEROCHAMBER PLUS FLOW-VU ADULT LARGE MASK 1KIT ', 100),
(1446, '0', 'AEROCHAMBER PLUS FLOW-VU ADULT MEDIUM MASK 1KIT ', 100),
(1447, '0', 'AEROCHAMBER PLUS FLOW-VU ADULT MOUTHPIECE 1KIT ', 100),
(1448, '0', 'AEROCHAMBER PLUS FLOW-VU ADULT SMALL MASK 1KIT ', 100),
(1449, '0', '\"ALCOHOL', 100),
(1450, '0', 'ASTREPTINE OINT 30G   ', 100),
(1451, '0', 'BABY HALER ', 100),
(1452, '0', '\"BANDE DE GAZE  7', 100),
(1453, '0', '\"BANDE DE GAZE   10 CM X 5 M ', 100),
(1454, '0', '\"BANDE DE GAZE   5 CM X 5 M', 100),
(1455, '0', 'BANDE ELASTIQUE    10CM  ', 100),
(1456, '0', '\"BANDE ELASTIQUE    7', 100),
(1457, '0', 'BANDE ELASTIQUE   15 CM  ', 100),
(1458, '0', 'BANDE ELASTIQUE   20 CM  ', 100),
(1459, '0', 'BANDE ELASTIQUE   5 CM  ', 100),
(1460, '0', 'BANDE PLATRE 10 CM ', 100),
(1461, '0', 'BANDE PLATRE 15 CM ', 100),
(1462, '0', 'BANDE PLATRE 7.5 CM ', 100),
(1463, '0', 'BRONCAL SP 200ML ', 100),
(1464, '0', 'CALAMINE LOTION 100 ML ', 100),
(1465, '0', 'COAL TAR 2-6% IN ZINC PASTE OR OINT 100G ', 100),
(1466, '0', 'COMPRESSE STERILE  20CMX20CM B/10 ', 100),
(1467, '0', 'COMPRESSE STERILE  5CM X 5CM  B/10 ', 100),
(1468, '0', 'COMPRESSE STERILE  7.5CM X 7.5CM  B/10 ', 100),
(1469, '0', 'COMPRESSE STERILE 10CMX10CM B/10 ', 100),
(1470, '0', 'EAU BORIQUÉE SOL2% SOL 100ML OU 120ML ', 100),
(1471, '0', 'EAU D\' ALIBOUR SOL 100ML OU 120ML ', 100),
(1472, '0', 'EMULSIFING OINT 200GR ', 100),
(1473, '0', 'EMULSIFING OINT 400GR ', 100),
(1474, '0', 'ENAT CREAM 50G ', 100),
(1475, '0', 'INOTYOL OINT 50GR ', 100),
(1476, '0', 'INOTYOL OINT 90GR ', 100),
(1477, '0', 'MERCRYL LAURYLE 300ML ', 100),
(1478, '0', 'METHYLENE BLUE SOL 1% 20ML ', 100),
(1479, '0', 'METHYLENE BLUE SOL 2% 20ML ', 100),
(1480, '0', 'MOLUTREX SOLUTION 10ML ', 100),
(1481, '0', 'NUCLEO  CMP  FORTE  CAPS B/30 ', 100),
(1482, '0', 'NUCLEO  CMP FORTE INJ B/3 ', 100),
(1483, '0', 'OLIGOCARE TAB B/30** ', 100),
(1484, '0', 'OVACARE TAB B/30** ', 100),
(1485, '0', 'PATE A L\'EAU  45G OU 50G ', 100),
(1486, '0', 'POMMADE ICHTYOLEE.OINT 50G ', 100),
(1487, '0', 'POTENCIATOR  OR. SOL AMPOULE BUV. ', 100),
(1488, '0', 'PULMEX BABY 20G OINT ', 100),
(1489, '0', 'SYRINGE FOR INSULINE 100UI/ML  ', 100),
(1490, ' A02AD03  ', ' ALMAX FORTE SUSP. BUV 1.5GR  ', 100),
(1491, ' A02AD03  ', ' ALMAX SUSP.BUV. 225ML   ', 100),
(1492, ' A02BA02  ', ' AZANTAC TAB 150MG B/15  ', 100),
(1493, ' A02BA02  ', ' AZANTAC COMP EFF. 150MG T/15  ', 100),
(1494, ' A02BA02  ', ' AZANTAC TAB 300MG B/15  ', 100),
(1495, ' A02BC01  ', ' DAFRAZOL CAPS 20MG B/14  ', 100),
(1496, ' A02BC01  ', ' LOSEC-MUPS TAB 20MG  ', 100),
(1497, 'A02BC01', ' LIMZER B/30  ', 100),
(1498, ' A02BC02  ', ' PANTO-DENK TAB 20MG B/28  ', 100),
(1499, ' A02BC02  ', ' PANTO-DENK TAB 40MG B/28  ', 100),
(1500, ' A02BC05  ', ' NEXIUM INJ 40MG 5ML  ', 100),
(1501, ' A02BC05  ', ' NEXIUM TAB 20MG  ', 100),
(1502, ' A02BC05  ', ' NEXIUM TAB 40MG  ', 100),
(1503, ' A02BC05  ', ' NEXIAM TAB 20MG B/98  ', 100),
(1504, ' A02BC05  ', ' NEXIAM TAB 40MG B/50  ', 100),
(1505, ' A02BX  ', ' GAVISCON NOUR. SUSP 150ML  ', 100),
(1506, ' A03AX04  ', ' DICETEL TAB 50MG  ', 100),
(1507, ' A03AX13  ', ' INFACOL GOUTTES 50ML  ', 100),
(1508, ' A03BB01  ', ' BUSCOPAN INJ 20MG 1ML  ', 100),
(1509, ' A03BB01  ', ' BUSCOPAN TAB 10MG   ', 100),
(1510, ' A03FA01  ', ' PRIMPERAN  INJ 2 ML  ', 100),
(1511, ' A03FA01  ', ' PRIMPERAN TAB 10MG B/40  ', 100),
(1512, ' A04AA01  ', ' EMIGO SYRUP 2MG/5ML   ', 100),
(1513, ' A04AA02  ', ' KYTRIL INJ 1MG/1ML  ', 100),
(1514, ' A04AA02  ', ' KYTRIL TAB 1MG   ', 100),
(1515, ' A05AA02  ', ' URSOFALK CAPS 250MG  ', 100),
(1516, ' A06AB02  ', ' DULCOLAX TAB 5MG  ', 100),
(1517, ' A06AD11  ', ' LACTULIN SOL.100ML  ', 100),
(1518, ' A07AA06  ', ' GABBRORAL TAB 250MG B/16  ', 100),
(1519, ' A07DA03  ', ' IMODIUM TAB 2MG B/6  ', 100),
(1520, ' A07EC01  ', ' SALAZOPYRINE TAB 500MG  ', 100),
(1521, ' A10AD05  ', ' NOVORAPID FLEXPEN 3 ML  ', 100),
(1522, ' A10AD30  ', ' NOVOMIX 30 FLEXPEN 3ML  ', 100),
(1523, ' A10AE04  ', ' LANTUS SOLOSTAR PEN 100 UI/ML 3 ML  ', 100),
(1524, ' A10AE05  ', ' LEVEMIR FLEXIPEN 100IU/ML 3ML   ', 100),
(1525, ' A10BA02  ', ' METFORMINE-DENK TAB 500MG   ', 100),
(1526, ' A10BA02  ', ' METFORMINE-DENK TAB 850MG  ', 100),
(1527, ' A10BB01  ', ' DAONIL TAB 5MG  ', 100),
(1528, ' A10BB12  ', ' GLIMEPIRIDE DENK TAB 2MG B/30  ', 100),
(1529, ' A10BB12  ', ' GLIMEPIRIDE DENK TAB 3MG B/30  ', 100),
(1530, ' A10BX02  ', ' NOVONORM TAB 0.5MG  ', 100),
(1531, ' A10BX02  ', ' NOVONORM TAB 1MG   ', 100),
(1532, ' A10BX02  ', ' NOVONORM TAB 2MG  ', 100),
(1533, ' A11AA03  ', ' ALVITYL SYRUP 150ML  ', 100),
(1534, ' A11AA03  ', ' ALVITYL PLUS TAB B/40  ', 100),
(1535, ' A11AA04  ', ' OMNIBIONTA PRONATAL TAB B/60  ', 100),
(1536, ' A11AA04  ', ' PREGNACARE ORIGINAL TAB  ', 100),
(1537, ' A11CC01  ', ' STEROVIT SIROP 100ML  ', 100),
(1538, ' A11EA  ', ' BECOZYME FORTE TAB  ', 100),
(1539, ' A11GA01  ', ' NAT-C TAB 1000MG  ', 100),
(1540, ' A12AA20  ', ' CALOSHELL TAB 500MG  ', 100),
(1541, ' A12AX  ', ' CALCI- D DENK 1/880UI  TAB EFFERV B/20  ', 100),
(1542, ' A12AX  ', ' STEOVIT D3 FORTE CITRON CALC+VIT.D3 TAB 1000MG/80', 100),
(1543, ' A12AX  ', ' SHELCAL-500MG TAB  ', 100),
(1544, ' A15  ', ' CYPRO B PLUS 4MG TAB B/30  ', 100),
(1545, ' A15  ', ' CYPRO B PLUS SYRUP 200ML  ', 100),
(1546, ' B01AC04  ', ' CLOPI-DENK TAB 75MG  ', 100),
(1547, ' B01AC06  ', ' ASPIRINE BAYER TAB 500MG  ', 100),
(1548, ' B01AD02  ', ' ACTILYSE INJ 50MG    ', 100),
(1549, ' B01AF01  ', ' XARELTO TAB 10MG  ', 100),
(1550, ' B01AF01  ', ' XARELTO TAB 15MG  ', 100),
(1551, ' B03AD04  ', ' MUMFER  TAB  ', 100),
(1552, ' C01AA05  ', ' LANOXIN ELIXIR ORAL SOLUTION 60ML  ', 100),
(1553, ' C02AB01  ', ' ALDOMET TAB 250MG   ', 100),
(1554, ' C03CA01  ', ' LASILIX TAB 20MG   ', 100),
(1555, ' C03CA01  ', ' LASILIX TAB 40MG   ', 100),
(1556, ' C03CA01  ', ' LASIX TAB 20MG  ', 100),
(1557, ' C03CA01  ', ' LASIX TAB 40MG  ', 100),
(1558, ' C03CA01  ', ' LASIX /LASILIX  INJ 20MG/2ML  ', 100),
(1559, ' C05AA01  ', ' ANUSOL SUPPO   ', 100),
(1560, ' C05BB02  ', '\" AETHOXYSKEROL AMP 0', 100),
(1561, ' C05CA54  ', ' VENORUTON FORTE TAB 500MG B/60  ', 100),
(1562, ' C07AA07  ', ' SOTALOL TAB 80MG  ', 100),
(1563, ' C07AB03  ', ' TENORMIN TAB 100MG B/28  ', 100),
(1564, ' C07AB03  ', ' TENORMIN TAB 25MG  ', 100),
(1565, ' C07AB03  ', ' TENORMIN TAB 50MG  ', 100),
(1566, ' C07AB03   ', ' ATENOLOL-DENK TAB 50MG B/100  ', 100),
(1567, ' C07AB07  ', ' CONCOR TAB 10MG  ', 100),
(1568, ' C07AB07  ', ' CONCOR TAB 5MG  ', 100),
(1569, ' C07AB07  ', ' EMCONCOR TAB 10MG  ', 100),
(1570, ' C07AB12  ', ' NOBITEN TAB 5MG  ', 100),
(1571, ' C07BB07  ', ' EMCORETIC MITIS 5/12.5MG  ', 100),
(1572, ' C08CA01  ', ' AMLO-DENK TAB 10MG   ', 100),
(1573, ' C08CA01  ', ' AMLO-DENK TAB 5MG  ', 100),
(1574, ' C08CA01  ', ' AMLOR TAB 10MG B/30   ', 100),
(1575, ' C08CA01  ', ' AMLOR TAB 5MG B/28  ', 100),
(1576, ' C08CA05  ', ' ADALATE RETARD/LA/LP TAB 20MG  ', 100),
(1577, ' C08CA05  ', ' ADALATE TAB 10MG B/30  ', 100),
(1578, 'C08CA06 ', ' NIMOTOP CAPS 30MG  ', 100),
(1579, ' C08DA01  ', ' ISOPTINE TAB 40MG  ', 100),
(1580, ' C08DB01  ', ' TILDIEM RETARD TAB 200MG B/28  ', 100),
(1581, 'C08DB01 ', ' TILDIEM RETARD CAPS 300MG B/28  ', 100),
(1582, ' C09AA04  ', ' COVERSYL TAB 5MG B/30  ', 100),
(1583, ' C09BB04  ', ' COVERAM TAB 10MG/10MG  ', 100),
(1584, ' C09BB04  ', ' COVERAM TAB 10MG/5MG  ', 100),
(1585, ' C09BB04  ', ' COVERAM TAB 5MG/10MG  ', 100),
(1586, ' C09BB04  ', ' COVERAM TAB 5MG/5MG  ', 100),
(1587, ' C09CA01  ', ' COZAAR TAB 50MG  ', 100),
(1588, ' C09CA03  ', ' VALSAR-DENK TAB 160 MG B/28  ', 100),
(1589, ' C09CA03  ', ' VALSAR-DENK TAB 320MG B/28  ', 100),
(1590, ' C09CA03  ', ' VALSAR-DENK TAB 80MG B/28  ', 100),
(1591, ' C09CA07  ', ' MICARDIS TAB 40MG  ', 100),
(1592, ' C09CA07  ', ' MICARDIS TAB 80MG  ', 100),
(1593, ' C09DA01  ', ' COLOZAR-DENK TAB 100/12.5MG B/28  ', 100),
(1594, ' C09DA01  ', ' COLOZAR-DENK TAB 50/12.5MG B/28  ', 100),
(1595, ' C09DA07  ', ' ARBITEL-H TAB 40/12.5  ', 100),
(1596, ' C09DA07  ', ' CO-MICARDIS TAB 40/12.5MG  ', 100),
(1597, ' C09DA07  ', ' CO-MICARDIS TAB 80/12.5 MG  ', 100),
(1598, ' C09DB04  ', ' ARBITEL-AM TAB 40/5MG B/30  ', 100),
(1599, ' C09DB04  ', ' TWYNSTA TAB 40/5MG  ', 100),
(1600, ' C09DB04  ', ' TWYNSTA TAB 80/10MG  ', 100),
(1601, ' C09DB04  ', ' TWYNSTA TAB 80/5MG  ', 100),
(1602, ' C09DX  ', ' TELMI 40 AMH TAB B/30  ', 100),
(1603, ' C09DX  ', ' TELMI 80 AMH TAB B/30  ', 100),
(1604, ' C09AA01  ', ' LOPRIL TAB 25MG  ', 100),
(1605, ' C09AA05  ', ' TRITACE TAB 10MG  ', 100),
(1606, ' C10AA07  ', ' TURBOVAS TAB 10MG  ', 100),
(1607, ' C10AA07  ', ' TURBOVAS TAB 20MG  ', 100),
(1608, ' C10AB05  ', ' LIPILOC TAB 200MG B/30  ', 100),
(1609, ' C10AX06  ', ' FORTALINE CAPS  ', 100),
(1610, ' C10AX09  ', ' EZETROL TAB 10MG  ', 100),
(1611, ' D01AC02  ', ' DAKTARIN 2% CREAM 15GR  ', 100),
(1612, ' D01AC02  ', ' DAKTARIN CREAM 30GR  ', 100),
(1613, ' D01AC02  ', ' DAKTARIN LOTION 30 ML  ', 100),
(1614, ' D01AC02  ', ' DAKTARIN TEINTURE SOL. 30ML  ', 100),
(1615, ' D01AC06   ', ' DUOSKIN CREME 15GR  ', 100),
(1616, ' D01AC08  ', ' NIZORAL CREAM 15G  ', 100),
(1617, ' D01AC08  ', ' NIZORAL CREAM 30GR  ', 100),
(1618, ' D01AC08  ', ' NIZORAL SHAMPOO 60ML  ', 100),
(1619, ' D01AE15  ', ' TERBINOL CREAM 1% 15GR  ', 100),
(1620, ' D01AE15  ', ' TERBINOL TAB 250MG B/14  ', 100),
(1621, ' D01BA02  ', ' LAMISIL TAB 250MG  ', 100),
(1622, ' D03AX  ', ' MADECASSOL 1% CREAM 10G  ', 100),
(1623, ' D04AA13  ', ' FENIGEL GEL 30GR  ', 100),
(1624, ' D04AB01  ', ' LIDOCAINE 2% 30ML   ', 100),
(1625, ' D04AB01  ', ' XYLOCAINE 2% Jelly 30gr  ', 100),
(1626, ' D07AC01  ', ' BETNEVAL CREAM 10GR  ', 100),
(1627, ' D07AC01  ', ' BETNEVAL CREAM 30GR  ', 100),
(1628, ' D07AC01  ', ' BETNEVAL OINT 10GR  ', 100),
(1629, ' D07AC01  ', ' BETNEVAL OINT 30GR  ', 100),
(1630, ' D07AC01  ', ' DIPROSEPT CREAM 30GR  ', 100),
(1631, ' D07AC01  ', ' DIPROSONE OINT 0.05% 30GR  ', 100),
(1632, ' D07XB03  ', ' DECODERM TRI CREME 25GR 1TBE  ', 100),
(1633, ' D07XC01  ', ' DIPROSALIC OINT 15GR  ', 100),
(1634, ' D07XC04  ', ' NERISONE C CREAM 30GR  ', 100),
(1635, ' D10AD53  ', ' EPIDUO GEL  ', 100),
(1636, ' D10AE01  ', ' BENZAC OINT 10% 40GR  ', 100),
(1637, ' D10AE01  ', ' BENZAC OINT 5% 40GR   ', 100),
(1638, ' D11AH01  ', ' PROTOPIC 0.03% OINT 10G  ', 100),
(1639, ' D11AH01  ', ' PROTOPIC 0.1% OINT 10G  ', 100),
(1640, ' G01AF01  ', ' FLAGYL PESSARY (OVULE)  500MG B/10  ', 100),
(1641, ' G02CC01  ', ' PERDOFEMINA TAB  ', 100),
(1642, ' G03XA01  ', ' DANATROL CAPS. 200MG  ', 100),
(1643, ' G04CX02  ', ' PROSTA-URGENIN CAPS 320MG B/30  ', 100),
(1644, ' H02AB07  ', ' CORTANCYL TAB  5MG   ', 100),
(1645, ' H02AB04  ', ' DEPO MEDROL 80MG/1ML INJ  ', 100),
(1646, ' H02AB04  ', ' MEDROL TAB 4MG  ', 100),
(1647, ' J01AA02  ', ' DOXY DENK TAB 100MG  ', 100),
(1648, ' J01CA04  ', ' BACTOX TAB 500 MG  ', 100),
(1649, ' J01CA04  ', ' CLAMOXYL CAPS 500MG  ', 100),
(1650, ' J01CA04  ', ' AMOXY-DENK TAB 500MG B/20  ', 100),
(1651, ' J01CA04  ', ' AMOXY-DENK TAB 1G B/10  ', 100),
(1652, ' J01CE08  ', ' DICACILLINE INJ 2.4MUI  ', 100),
(1653, ' J01CE08  ', '\" EXTENCILLINE 2', 100),
(1654, ' J01CR02  ', ' AUGMENTIN INJ 1.2 G B/1  ', 100),
(1655, ' J01CR02  ', '\" AUGPEN INJ 1', 100),
(1656, ' J01CR02   ', ' AMOXICLAV-DENK TAB 500/62.5MG  ', 100),
(1657, ' J01CR02   ', ' CURAM TAB 625MG  ', 100),
(1658, ' J01CR02   ', ' DAFRACLAV TAB 500/125MG B/15  ', 100),
(1659, ' J01CR02   ', ' DAFRACLAV TAB 875/125MG B/10  ', 100),
(1660, ' J01DB05  ', ' BIODROXIL CAPS 500MG   ', 100),
(1661, ' J01DB05  ', ' BIODROXIL SYRUP 125MG 60 ML  ', 100),
(1662, ' J01DB05  ', ' BIODROXIL SYRUP 250MG 60ML  ', 100),
(1663, ' J01DC02  ', ' ZINNAT TAB 500MG B/10  ', 100),
(1664, ' J01DC02  ', ' PULMOCEF TAB 500MG  ', 100),
(1665, ' J01DC04  ', ' REMECLOR CAPS 500MG  ', 100),
(1666, ' J01DD02  ', ' CEFTAZIDIME  INJ 1G  ', 100),
(1667, ' J01DH02  ', ' MERONEM INJ 500MG  ', 100),
(1668, ' J01EE01  ', ' BACTRIM FORTE  TAB 960MG  ', 100),
(1669, ' J01EE01  ', ' BACTRIM SYRUP 240MG/5ML 100 ML  ', 100),
(1670, ' J01EE01  ', ' BACTRIM TAB 480MG B/20  ', 100),
(1671, ' J01FA01  ', ' ERYTHROCINE TAB 500MG  ', 100),
(1672, ' J01FA09  ', ' BICLAR TAB 250MG B/10  ', 100),
(1673, ' J01FA09  ', ' BICLAR TAB 500MG B/10  ', 100),
(1674, ' J01FA10  ', ' AZITHROMYCIN TAB 250MG   ', 100),
(1675, ' J01MA02  ', ' CIPRO DENK TAB 500MG  ', 100),
(1676, ' J01MA02  ', ' CIPRONAT TAB 250MG B/14  ', 100),
(1677, ' J01MA02  ', ' CIPRONAT TAB 500MG B/14  ', 100),
(1678, ' J01MA02  ', ' CIPRONAT TAB 750MG B/14  ', 100),
(1679, ' J01RA09  ', ' ORNILOX TAB 200/500 MG  ', 100),
(1680, ' J01XD01  ', ' FLAGYL TAB 250MG  ', 100),
(1681, ' J01XD01  ', ' FLAGYL TAB 500MG  ', 100),
(1682, ' J01XE01  ', ' FURADANTINE TAB  100MG  B/20  ', 100),
(1683, ' J02AC01  ', ' FLUCONAZOLE TAB 150MG   ', 100),
(1684, 'L01BC06  ', ' XELODA TAB 500MG  ', 100),
(1685, ' L02BA01   ', ' NOLVADEX TAB  10MG   ', 100),
(1686, ' L04AD01  ', ' CYCLOSPORINE TAB 50MG  ', 100),
(1687, ' L04AD01  ', ' CYCLOSPORINE TAB 25MG  ', 100),
(1688, ' L04AD01  ', ' NEORAL SANDIMMUN TAB 25MG  ', 100),
(1689, ' L04AD02  ', ' PROGRAFT CAPS 1MG  ', 100),
(1690, ' M01AB01  ', ' INDOCID SUPPO 100MG B/10  ', 100),
(1691, ' M01AB05  ', ' CATAFLAM TAB 50MG  ', 100),
(1692, ' M01AB05  ', ' DICLOFENAC-DENK TAB 100MG  ', 100),
(1693, ' M01AB05  ', ' DICLOFENAC-DENK TAB 50MG  ', 100),
(1694, ' M01AB05  ', ' FLOTAC 75MG B/20  ', 100),
(1695, ' M01AB05  ', ' OLFEN SR DEPOCAPS 100MG  ', 100),
(1696, ' M01AB05  ', ' OLFEN SUPPO 100MG B/10   ', 100),
(1697, ' M01AB05  ', ' VOLTARENE RETARD TAB  100MG B/10  ', 100),
(1698, ' M01AB05  ', ' VOLTARENE SUPPO 100MG B/10  ', 100),
(1699, ' M01AB05  ', ' VOLTARENE TAB 50MG B/30  ', 100),
(1700, ' M01AB05  ', ' OLFEN RECTOCAPS 50MG  ', 100),
(1701, ' M01AB05  ', ' OLFEN SR DEPOCAPS 75MG  ', 100),
(1702, ' M01AB05  ', ' VOLTARENE INJ 75MG/3ML B/2  ', 100),
(1703, ' M01AB05  ', ' VOLTARENE TAB  50MG B/30  ', 100),
(1704, ' M01AB16  ', ' AIRTAL TAB 100MG  ', 100),
(1705, ' M01AB16  ', ' DOLOWIN SR TAB 200MG   ', 100),
(1706, ' M01AB16  ', ' ACECLOFENAC TAB 200MG   ', 100),
(1707, ' M01AC06  ', ' MOBIC TAB 7.5MG  ', 100),
(1708, ' M01AE01  ', ' BRUFEN SYRUP 100ML  ', 100),
(1709, ' M01AE01  ', ' BRUFEN TAB 400MG B/30  ', 100),
(1710, ' M01AE01  ', ' GOFEN CAPS 400MG  ', 100),
(1711, ' M01AE01  ', ' IBUPROFEN DENK TAB 400 MG  ', 100),
(1712, ' M01AE01  ', ' PEDIFEN SIROP 100ML  ', 100),
(1713, ' M01AE01  ', ' PEDIFEN TAB 400MG  ', 100),
(1714, ' M01AE01  ', ' IBUPROFENE DENK TAB 400MG   ', 100),
(1715, ' M01AE09  ', ' FLURIFEN TAB 100MG B/15  ', 100),
(1716, ' M01AE51  ', ' SEKALGIC TAB B/ 12  ', 100),
(1717, ' M01AE51  ', ' LOTEM SYRUP 100ML  ', 100),
(1718, ' M02AC  ', ' DEEP HEAT SPRAY 150 ML  ', 100),
(1719, ' M03BX07  ', ' MYOLASTAN TAB 50MG B/20  ', 100),
(1720, ' M04AA03  ', ' GOUTGESIC 40MG TAB B/10  ', 100),
(1721, ' M04AA03  ', ' GOUTGESIC 80MG TAB B/10  ', 100),
(1722, ' M04AC01  ', ' COLCHIMAX TAB  ', 100),
(1723, ' M05BA06  ', ' BONVIVA TAB 150MG  ', 100),
(1724, ' M09AX01  ', ' OSTENIL 20MG INJ  ', 100),
(1725, ' N01BB02  ', ' XYLOCAINE 10% Spray 50ml  ', 100),
(1726, ' N02AA01  ', ' MORPHINE TAB 10MG  ', 100),
(1727, ' N02AA01  ', ' MORPHINE TAB 30MG  ', 100),
(1728, ' N02AB02  ', ' PETHIDINE INJ 100MG 2ML AMP  ', 100),
(1729, ' N02AJ06  ', ' PARACO-DENK TAB 500MG B/30  ', 100),
(1730, ' N02AX02  ', ' TRAMADIS 100MG/2ML INJ AMP  ', 100),
(1731, ' N02AX02  ', ' TRAMADIS GEL 50MG  ', 100),
(1732, ' N02BE01  ', ' DAFALGAN TAB 500MG  ', 100),
(1733, ' N02BE01  ', ' DOLIPRANE COMP EFF. 1GR B/8  ', 100),
(1734, ' N02BE01  ', ' DOLIPRANE COMP EFF. 500MG B/16  ', 100),
(1735, ' N02BE01  ', ' DOLIPRANE SUPPO 100MG OR 150MG  ', 100),
(1736, ' N02BE01  ', ' DOLIPRANE SUPPO 200MG  ', 100),
(1737, ' N02BE01  ', ' DOLIPRANE SUPPO 300MG  ', 100),
(1738, ' N02BE01  ', ' DOLIPRANE TAB 500MG  ', 100),
(1739, ' N02BE01  ', ' DOLIPRANE 1G COMP EFF T/8   ', 100),
(1740, ' N02BE01  ', ' EFFERALGAN COMP. EFF. 1GR TUBE/8  ', 100),
(1741, ' N02BE01  ', ' EFFERALGAN COMP.EFF. 500MG B/16  ', 100),
(1742, ' N02BE01  ', ' EFFERALGAN PAED. SOL  90ML  ', 100),
(1743, ' N02BE01  ', ' EFFERALGAN SUPPO 150MG  ', 100),
(1744, ' N02BE01  ', ' EFFERALGAN TAB 500MG  ', 100),
(1745, ' N02BE01  ', ' HEDEX TAB  ', 100),
(1746, ' N02BE01  ', ' PANADOL TAB  ', 100),
(1747, ' N02BE01  ', ' PARACETAMOL DENK SUPPO 125MG   ', 100),
(1748, ' N02BE01  ', ' PARACETAMOL DENK SUPPO 250MG  ', 100),
(1749, ' N02BE01  ', ' PAROL SYRUP 100ML  ', 100),
(1750, ' N02BE01  ', ' PERDOLAN AD. SUPP  ', 100),
(1751, ' N02BE01  ', ' PERDOLAN SUPPO 200MG ENFT 10-20KG  ', 100),
(1752, ' N02BE01  ', ' PERDOLAN TAB 500MG  ', 100),
(1753, ' N02BE01  ', ' PERFALGAN PERFUSION 1G  ', 100),
(1754, ' N02BE01  ', ' PERFALGAN PERFUSION 500MG  ', 100),
(1755, ' N02BE51  ', ' DOLIPRANE + VIT C 500MG/150MG COMP EFF. T/8  ', 100),
(1756, ' N02BE51  ', ' EFFERALGAN VIT. C 330MG B/10  ', 100),
(1757, ' N02BE51  ', ' PARACODINE TAB  ', 100),
(1758, ' N02BE51  ', ' PERDOLAN BB 100MG SUPPO  ', 100),
(1759, ' N03AA02  ', ' PHENOBARBITAL 200MG /2ML AMP  ', 100),
(1760, ' N03AB02  ', ' EPANUTIN GEL 100MG  ', 100),
(1761, ' N03AF01  ', ' TEGRETOL TAB 200MG B/50  ', 100),
(1762, ' N03AF01  ', ' TEGRETOL TAB 200MG B/50  ', 100),
(1763, ' N03AF01  ', ' TEGRETOL CR TAB 200MG B/50  ', 100),
(1764, ' N03AF01  ', ' TEGRETOL CR TAB 400MG B/25  ', 100),
(1765, ' N03AX14  ', ' KEPPRA TAB 500MG  ', 100),
(1766, ' N03AX16  ', ' NEUROGIL CAPS 75MG B/20  ', 100),
(1767, ' N04BA02  ', ' SINEMET TAB 25/250MG  ', 100),
(1768, ' N04BA02  ', ' SINEMET TAB 50 MG/ 200MG  ', 100),
(1769, ' N04BA03  ', ' STALEVO TAB 100MG  ', 100),
(1770, ' N04BA03  ', ' STALEVO TAB 200MG  ', 100),
(1771, ' N05AA01  ', ' LARGACTIL INJ 25MG/5ML  ', 100),
(1772, ' N05AA01  ', ' LARGACTIL TAB 100MG  B/30  ', 100),
(1773, ' N05AD01  ', ' HALDOL TAB  5MG B/30  ', 100),
(1774, ' N05AL03  ', ' TIAPRIDAL TAB  100MG B/20  ', 100),
(1775, ' N05BA01  ', ' VALIUM TAB  5MG B/20  ', 100),
(1776, ' N05BA09  ', ' FRISIUM TAB 10MG   ', 100),
(1777, ' N06AA09  ', ' REDOMEX 25MG B/30DR.  ', 100),
(1778, ' N06AA09  ', ' LAROXYL TAB 25MG  ', 100),
(1779, ' N06AB05  ', ' SEROXAT TAB 20MG  ', 100),
(1780, ' N06AB06  ', ' SERTRALINE EG TAB 100MG  ', 100),
(1781, ' N06AB06  ', ' SERTRALINE TAB 50MG  ', 100),
(1782, ' N06AB10  ', ' SIPRALEXA TAB 10MG  ', 100),
(1783, ' N06AX16  ', ' VENLAFAXINE CAPS 150MG  ', 100),
(1784, ' N06BX03  ', ' NOOTROPIL CAPS 400MG   ', 100),
(1785, ' N07CA03  ', ' SIBELIUM CAPS 5MG  ', 100),
(1786, ' P01AB02  ', ' FASIGYN TAB 500MG B/12  ', 100),
(1787, ' P01AB03  ', ' TIBERAL TAB 500MG  ', 100),
(1788, ' P01BF01  ', ' COARTEM TAB 80/480MG  ', 100),
(1789, ' P02CA01  ', ' VERMOX SIROP 20MG/ML 30ML  ', 100),
(1790, ' P02CA01  ', ' VERMOX TAB  100MG B/6  ', 100),
(1791, ' P02CA01  ', ' VERMOX TAB  500MG B/1  ', 100),
(1792, ' P02CA03  ', ' BEKRAZOL SYRUP 10ML  ', 100),
(1793, ' P02CA03  ', ' BEKRAZOL TAB 400MG  ', 100),
(1794, ' P02CA03  ', ' VERZOL TAB 400MG  ', 100),
(1795, ' P02CA03  ', ' ZENTEL SYRUP 10ML  ', 100),
(1796, ' P02CA03  ', ' ZENTEL TAB  400MG  ', 100),
(1797, ' P02CF01  ', ' STROMECTOL TAB 3MCG  ', 100),
(1798, ' P03AX01   ', ' OPELE SCABIES TREATMENT 50ML  ', 100),
(1799, ' R01AA05  ', ' NESIVINE ADULTE 0.05% GTTE NASALE 15ML  ', 100),
(1800, ' R01AA07  ', '\" NARISOL NASAL SPRAY AD 0', 100),
(1801, ' R01AA07  ', '\" NARISOL PEDIATRIC NASAL SPRAY 0', 100),
(1802, ' R01AD05  ', ' PULMICORT 200MCG 100DOSES  ', 100),
(1803, ' R01AD09  ', ' NASONEX 50 µG  120DOSES  ', 100),
(1804, ' R01AX10  ', ' PHYSIOL.SOLUTION  NASAL DROPS 15ML STEROP  ', 100),
(1805, ' R01AX10  ', ' STERIMAR BEBE SPRAY NASAL 50ML  ', 100),
(1806, ' R01AX10  ', ' STERIMAR CUIVRE SPRAY 50ML  ', 100),
(1807, ' R01AX10  ', ' STERIMAR MANGANESE SPRAY 50ML  ', 100),
(1808, ' R01AX10  ', ' STERIMAR ORIGINAL SPRAY 50ML  ', 100),
(1809, ' R01BA52  ', ' FLUFED TAB  ', 100),
(1810, ' R01BA52  ', ' DOLIRHUME TAB  ', 100),
(1811, ' R03AC02  ', ' VENTOLIN  2MG/5ML SYRUP   ', 100),
(1812, ' R03AC02  ', ' VENTOLIN CAPS. 2MG B/40  ', 100),
(1813, ' R05CA03  ', ' DELASED CHESTY COUGH SIROP 100ML  ', 100),
(1814, ' R05CA03  ', ' ACTIFED WET COUGH SYRUP 100ML  ', 100),
(1815, ' R05CA10  ', ' DELASED PEDIATRIC SP 100ML  ', 100),
(1816, ' R05CA10  ', ' ABACOFF SYRUP 100ML  ', 100),
(1817, ' R05DA04  ', ' CIDINE TAB 1MG  ', 100),
(1818, ' R05DA09  ', ' ACTIFED DRY COUGH SYRUP 100ML   ', 100),
(1819, ' R05DA20  ', ' CODEINE PHOSPHATE TAB 30MG  ', 100),
(1820, ' R06AB04  ', ' APFLU SYRUP 100ML 1FL  ', 100),
(1821, ' R06AD02  ', ' PHENERGAN TAB  25MG  ', 100),
(1822, ' R06AE07  ', ' ZYRTEC TAB  10MG  B/15  ', 100),
(1823, ' R06AE09  ', ' ALCET TAB 5MG  ', 100),
(1824, ' R06AX13  ', ' LORHISTINA TAB 10MG   ', 100),
(1825, ' R06AX27  ', ' AERIUS TAB 5MG   ', 100),
(1826, ' R06AX27  ', ' DESLORA-DENK TAB 5MG   ', 100),
(1827, ' R06AX29   ', ' BILAXTEN TAB 20MG  ', 100),
(1828, ' R06AB02  ', ' POLARAMINE SP 125 ML 2MG/5ML  ', 100),
(1829, ' S01AA11  ', ' GENTASOL COLLYRE 3% 5ML   ', 100),
(1830, 'S01CA03 ', ' BACICOLINE EYE DROP  ', 100),
(1831, 'S01FA01 ', ' ISOPTO ATROPINE COLLYRE 1% 5ML  ', 100),
(1832, ' S03CA  ', ' XBETA EYE/EAR/NASAL DROPS 10ML  ', 100),
(1833, ' S03CA  ', ' XBETA-N EYE/EAR DROPS 10ML  ', 100),
(1834, 'V08BA01 ', ' BARIUM SULFATE 250GR  ', 100),
(1835, 'V08BA01 ', ' BARIUM SULFATE 500GR  ', 100),
(1836, '0', ' AB -TONE SYRUP 90ML  ', 100),
(1837, '0', ' ACTION TAB  ', 100),
(1838, '0', ' BANDELETTES CODE FREE B/50  ', 100),
(1839, '0', ' NEEDLE FOR FLEXPEN B/5  ', 100),
(1840, '0', ' RESPIMAX SP 100ML  ', 100),
(1841, '', '', 100);

-- --------------------------------------------------------

--
-- Stand-in structure for view `invoice`
-- (See below for the actual view)
--
CREATE TABLE `invoice` (
`order_id` int(11)
,`client_id` int(11)
,`insurance` varchar(30)
,`quantity` int(11)
,`unityp` int(11)
,`total` bigint(21)
,`date` date
,`period` varchar(20)
,`insured` tinyint(4)
,`act` text
,`type` varchar(20)
);

-- --------------------------------------------------------

--
-- Stand-in structure for view `labo`
-- (See below for the actual view)
--
CREATE TABLE `labo` (
`act` text
);

-- --------------------------------------------------------

--
-- Table structure for table `lab_results`
--

CREATE TABLE `lab_results` (
  `result_id` int(11) NOT NULL,
  `client_id` int(11) NOT NULL,
  `act` varchar(50) NOT NULL,
  `result` varchar(30) NOT NULL,
  `date` date NOT NULL
) ENGINE=InnoDB DEFAULT CHARSET=latin1;

--
-- Dumping data for table `lab_results`
--

INSERT INTO `lab_results` (`result_id`, `client_id`, `act`, `result`, `date`) VALUES
(1, 1, 'ALBUMINE', 'Negative', '2021-12-30'),
(2, 3, 'BLOOD GROUPING', 'AB', '2021-12-30'),
(5, 3, 'CHOLESTEROLE HDL', 'Negative', '2021-12-30'),
(6, 3, 'PREGNANCY TEST', 'Positive', '2021-12-30'),
(8, 5, 'SRV', 'negative', '2021-12-30');

-- --------------------------------------------------------

--
-- Table structure for table `orders`
--

CREATE TABLE `orders` (
  `order_id` int(11) NOT NULL,
  `client_id` varchar(20) NOT NULL,
  `item_id` int(11) NOT NULL,
  `receipt_id` int(11) NOT NULL DEFAULT 0,
  `quantity` int(11) NOT NULL DEFAULT 1,
  `unityp` int(11) NOT NULL,
  `total` int(11) NOT NULL DEFAULT 0,
  `tatal1` int(11) NOT NULL DEFAULT 0,
  `time` timestamp NULL DEFAULT current_timestamp(),
  `period` varchar(20) NOT NULL,
  `date` date DEFAULT NULL,
  `status` int(11) DEFAULT 0,
  `insured` tinyint(4) NOT NULL DEFAULT 1,
  `user_id` int(11) DEFAULT NULL,
  `active` int(11) NOT NULL DEFAULT 1
) ENGINE=InnoDB DEFAULT CHARSET=latin1;

--
-- Dumping data for table `orders`
--

INSERT INTO `orders` (`order_id`, `client_id`, `item_id`, `receipt_id`, `quantity`, `unityp`, `total`, `tatal1`, `time`, `period`, `date`, `status`, `insured`, `user_id`, `active`) VALUES
(1, '1', 114, 0, 1, 2332, 0, 0, '2021-12-30 14:02:52', 'December-2021', '2021-12-30', 1, 1, 1, 1),
(2, '1', 173, 0, 1, 2332, 0, 0, '2021-12-30 14:03:04', 'December-2021', '2021-12-30', 1, 1, 1, 1),
(3, '3', 96, 0, 1, 5000, 0, 0, '2021-12-30 14:55:39', 'December-2021', '2021-12-30', 1, 0, 40, 1),
(4, '3', 132, 0, 1, 3500, 0, 0, '2021-12-30 14:56:34', 'December-2021', '2021-12-30', 1, 0, 40, 1),
(5, '3', 93, 0, 1, 3000, 0, 0, '2021-12-30 14:57:45', 'December-2021', '2021-12-30', 1, 0, 40, 1),
(6, '5', 89, 0, 1, 3228, 0, 0, '2021-12-30 15:00:44', 'December-2021', '2021-12-30', 1, 1, 40, 1),
(7, '3', 179, 0, 1, 2000, 0, 0, '2022-01-01 12:09:58', 'January-2022', '2022-01-01', 0, 0, 40, 1),
(8, '3', 180, 0, 1, 3000, 0, 0, '2022-01-03 12:11:34', 'January-2022', '2022-01-03', 0, 0, 40, 1),
(11, '3', 87, 0, 1, 3000, 0, 0, '2022-01-04 17:10:53', 'January-2022', '2022-01-04', 0, 0, 40, 1),
(12, '3', 90, 0, 1, 5000, 0, 0, '2022-01-04 17:11:03', 'January-2022', '2022-01-04', 0, 0, 40, 1),
(13, '1', 92, 0, 1, 3559, 0, 0, '2022-01-04 17:17:46', 'January-2022', '2022-01-04', 0, 1, 40, 1),
(14, '1', 177, 0, 1, 1346, 0, 0, '2022-01-04 17:18:03', 'January-2022', '2022-01-04', 0, 1, 40, 1),
(15, '3', 181, 0, 1, 5000, 0, 0, '2022-01-05 11:21:50', 'January-2022', '2022-01-05', 0, 0, 40, 1),
(16, '2', 115, 0, 1, 2332, 0, 0, '2022-01-05 11:22:17', 'January-2022', '2022-01-05', 0, 1, 40, 1),
(17, '2', 89, 0, 1, 3228, 0, 0, '2022-01-05 11:22:22', 'January-2022', '2022-01-05', 0, 1, 40, 1),
(18, '6', 196, 0, 1, 3500, 0, 0, '2022-01-09 14:51:44', 'January-2022', '2022-01-09', 0, 0, 40, 1),
(19, '6', 117, 0, 1, 2000, 0, 0, '2022-01-09 14:51:51', 'January-2022', '2022-01-09', 0, 0, 40, 1),
(20, '1', 89, 0, 1, 3228, 0, 0, '2022-01-10 11:29:28', 'January-2022', '2022-01-10', 0, 1, 40, 1);

-- --------------------------------------------------------

--
-- Table structure for table `payment`
--

CREATE TABLE `payment` (
  `id` int(11) NOT NULL,
  `numbers` varchar(200) NOT NULL,
  `amount` varchar(200) NOT NULL
) ENGINE=InnoDB DEFAULT CHARSET=utf8mb4;

--
-- Dumping data for table `payment`
--

INSERT INTO `payment` (`id`, `numbers`, `amount`) VALUES
(3, '0789100700', '');

-- --------------------------------------------------------

--
-- Table structure for table `payment_card`
--

CREATE TABLE `payment_card` (
  `pay_id` int(11) NOT NULL,
  `customer_name` varchar(200) NOT NULL,
  `customer_address` varchar(200) NOT NULL,
  `customer_city` varchar(200) NOT NULL,
  `customer_zip` varchar(200) NOT NULL,
  `customer_state` varchar(200) NOT NULL,
  `customer_country` varchar(200) NOT NULL,
  `amount` varchar(200) NOT NULL
) ENGINE=InnoDB DEFAULT CHARSET=utf8mb4;

--
-- Dumping data for table `payment_card`
--

INSERT INTO `payment_card` (`pay_id`, `customer_name`, `customer_address`, `customer_city`, `customer_zip`, `customer_state`, `customer_country`, `amount`) VALUES
(1, 'gisa sabine', 'kg 982 st', 'kigali', '0000', '', 'Rwanda', '3228');

-- --------------------------------------------------------

--
-- Table structure for table `prescription`
--

CREATE TABLE `prescription` (
  `presc_id` int(11) NOT NULL,
  `client_id` int(11) NOT NULL,
  `drug_id` int(11) NOT NULL,
  `qtty` int(11) DEFAULT NULL,
  `dosage` varchar(30) DEFAULT NULL,
  `tip` varchar(30) DEFAULT NULL,
  `date` date NOT NULL,
  `user` varchar(20) NOT NULL
) ENGINE=InnoDB DEFAULT CHARSET=latin1;

--
-- Dumping data for table `prescription`
--

INSERT INTO `prescription` (`presc_id`, `client_id`, `drug_id`, `qtty`, `dosage`, `tip`, `date`, `user`) VALUES
(1, 1, 1011, 12, '2-2-2', 'Take after eating', '2021-12-30', 'Medisoft Admin'),
(3, 5, 1470, 10, '1', '', '2021-12-30', 'Belyse MUGWANEZA'),
(4, 6, 1386, 50, '2-2-2', 'Take pills after eating', '2022-01-01', 'Belyse MUGWANEZA'),
(5, 3, 1035, 34, '1-1-1', 'Clean your viginal', '2022-01-01', 'Belyse MUGWANEZA'),
(6, 7, 887, 3, '1', '1', '2022-01-01', 'Belyse MUGWANEZA'),
(7, 7, 979, 3, '2', '', '2022-01-01', 'Belyse MUGWANEZA'),
(8, 3, 229, 30, '2-2', '', '2022-01-03', 'Belyse MUGWANEZA'),
(9, 3, 1089, 2, '1-1', '', '2022-01-03', 'Belyse MUGWANEZA'),
(10, 2, 1418, 30, '2-2-2', 'Take pills after eating', '2022-01-05', 'Belyse ISHIMWE'),
(11, 6, 160, 23, '1-1-1', 'After feeling well stop the pi', '2022-01-09', 'Belyse ISHIMWE'),
(12, 1, 1, 1, '', 'CONSULTATION', '2022-01-10', 'Admin');

-- --------------------------------------------------------

--
-- Stand-in structure for view `products`
-- (See below for the actual view)
--
CREATE TABLE `products` (
`prod_id` int(11)
,`description` text
,`unit_price` int(11)
,`date` date
,`insured` tinyint(4)
,`qtty` int(11)
);

-- --------------------------------------------------------

--
-- Table structure for table `receipt`
--

CREATE TABLE `receipt` (
  `receipt_id` int(11) NOT NULL,
  `client_id` int(11) NOT NULL,
  `client_name` varchar(50) NOT NULL,
  `order_id` int(11) NOT NULL,
  `item` varchar(50) NOT NULL,
  `unitp` float(11,2) NOT NULL,
  `qtty` float NOT NULL,
  `date` date NOT NULL,
  `active` int(11) NOT NULL DEFAULT 1,
  `user` varchar(50) NOT NULL
) ENGINE=InnoDB DEFAULT CHARSET=latin1;

--
-- Dumping data for table `receipt`
--

INSERT INTO `receipt` (`receipt_id`, `client_id`, `client_name`, `order_id`, `item`, `unitp`, `qtty`, `date`, `active`, `user`) VALUES
(1, 1, 'Belyse ISHIMWE', 0, 'TM-UAP', 466.40, 1, '2021-12-30', 1, 'Admin'),
(2, 5, 'Boniface DUKUZUWAMBAYE', 0, 'TM-MMI', 161.40, 1, '2021-12-30', 1, 'Belyse MUGWANEZA'),
(3, 3, 'Ariane ISHIMWE', 3, 'BLOOD GROUPING', 5000.00, 1, '2021-12-30', 1, 'Belyse MUGWANEZA'),
(3, 3, 'Ariane ISHIMWE', 4, 'CHOLESTEROLE HDL', 3500.00, 1, '2021-12-30', 1, 'Belyse MUGWANEZA'),
(3, 3, 'Ariane ISHIMWE', 5, 'PREGNANCY TEST', 3000.00, 1, '2021-12-30', 1, 'Belyse MUGWANEZA'),
(3, 3, 'Ariane ISHIMWE', 0, 'TM-SANLAM', 0.00, 1, '2021-12-30', 1, 'Belyse MUGWANEZA'),
(4, 6, 'Eric TAMBWE', 0, 'TM-PRIVATE', 0.00, 1, '2022-01-01', 1, 'Belyse MUGWANEZA'),
(5, 7, 'gisagara sabine', 0, 'TM-RSSB', 0.00, 1, '2022-01-01', 1, 'Belyse MUGWANEZA');

-- --------------------------------------------------------

--
-- Table structure for table `users`
--

CREATE TABLE `users` (
  `id` int(11) NOT NULL,
  `fullname` varchar(40) NOT NULL,
  `post` varchar(40) NOT NULL,
  `username` varchar(20) NOT NULL,
  `password` varchar(200) NOT NULL
) ENGINE=InnoDB DEFAULT CHARSET=latin1;

--
-- Dumping data for table `users`
--

INSERT INTO `users` (`id`, `fullname`, `post`, `username`, `password`) VALUES
(1, 'Receptionist', 'reception', 'admin', '827ccb0eea8a706c4c34a16891f84e7b'),
(40, 'Belyse ISHIMWE', 'Director', 'BelyseISH', '827ccb0eea8a706c4c34a16891f84e7b'),
(41, 'Sabine GISAGARA', 'cashier', 'SabineGIS', 'e10adc3949ba59abbe56e057f20f883e'),
(42, 'Viviane MAHORO', 'Doctor (Specialist)', 'VivianeMAHORO', 'fcea920f7412b5da7be0cf42b8c93759');

-- --------------------------------------------------------

--
-- Structure for view `invoice`
--
DROP TABLE IF EXISTS `invoice`;

CREATE ALGORITHM=UNDEFINED DEFINER=`root`@`localhost` SQL SECURITY DEFINER VIEW `invoice`  AS SELECT `orders`.`order_id` AS `order_id`, `clients`.`client_id` AS `client_id`, `clients`.`insurance` AS `insurance`, `orders`.`quantity` AS `quantity`, `orders`.`unityp` AS `unityp`, `orders`.`quantity`* `orders`.`unityp` AS `total`, `orders`.`date` AS `date`, `orders`.`period` AS `period`, `orders`.`insured` AS `insured`, `acts`.`act` AS `act`, `acts`.`type` AS `type` FROM ((`orders` join `acts`) join `clients`) WHERE `orders`.`item_id` = `acts`.`act_id` AND `orders`.`client_id` = `clients`.`client_id` ORDER BY `orders`.`order_id` ASC ;

-- --------------------------------------------------------

--
-- Structure for view `labo`
--
DROP TABLE IF EXISTS `labo`;

CREATE ALGORITHM=UNDEFINED DEFINER=`root`@`localhost` SQL SECURITY DEFINER VIEW `labo`  AS SELECT `acts`.`act` AS `act` FROM `acts` WHERE `acts`.`type` = 'LABORATOIRE' AND `acts`.`active` = 1 ;

-- --------------------------------------------------------

--
-- Structure for view `products`
--
DROP TABLE IF EXISTS `products`;

CREATE ALGORITHM=UNDEFINED DEFINER=`root`@`localhost` SQL SECURITY DEFINER VIEW `products`  AS SELECT `acts`.`act_id` AS `prod_id`, `acts`.`act` AS `description`, `acts`.`ta` AS `unit_price`, `acts`.`date` AS `date`, `acts`.`insured` AS `insured`, `acts`.`qtty` AS `qtty` FROM `acts` WHERE `acts`.`type` = 'MEDICAMENTS INJECTAB' ;

--
-- Indexes for dumped tables
--

--
-- Indexes for table `acts`
--
ALTER TABLE `acts`
  ADD PRIMARY KEY (`act_id`);

--
-- Indexes for table `clients`
--
ALTER TABLE `clients`
  ADD PRIMARY KEY (`client_id`);

--
-- Indexes for table `consultation`
--
ALTER TABLE `consultation`
  ADD PRIMARY KEY (`cons_id`);

--
-- Indexes for table `drugs`
--
ALTER TABLE `drugs`
  ADD PRIMARY KEY (`drug_id`);

--
-- Indexes for table `lab_results`
--
ALTER TABLE `lab_results`
  ADD PRIMARY KEY (`result_id`);

--
-- Indexes for table `orders`
--
ALTER TABLE `orders`
  ADD PRIMARY KEY (`order_id`),
  ADD KEY `item` (`item_id`),
  ADD KEY `item_2` (`item_id`);

--
-- Indexes for table `payment`
--
ALTER TABLE `payment`
  ADD PRIMARY KEY (`id`);

--
-- Indexes for table `payment_card`
--
ALTER TABLE `payment_card`
  ADD PRIMARY KEY (`pay_id`);

--
-- Indexes for table `prescription`
--
ALTER TABLE `prescription`
  ADD PRIMARY KEY (`presc_id`);

--
-- Indexes for table `users`
--
ALTER TABLE `users`
  ADD PRIMARY KEY (`id`),
  ADD UNIQUE KEY `username` (`username`),
  ADD UNIQUE KEY `username_2` (`username`),
  ADD UNIQUE KEY `username_3` (`username`);

--
-- AUTO_INCREMENT for dumped tables
--

--
-- AUTO_INCREMENT for table `acts`
--
ALTER TABLE `acts`
  MODIFY `act_id` int(11) NOT NULL AUTO_INCREMENT, AUTO_INCREMENT=215;

--
-- AUTO_INCREMENT for table `clients`
--
ALTER TABLE `clients`
  MODIFY `client_id` int(11) NOT NULL AUTO_INCREMENT, AUTO_INCREMENT=11;

--
-- AUTO_INCREMENT for table `consultation`
--
ALTER TABLE `consultation`
  MODIFY `cons_id` int(11) NOT NULL AUTO_INCREMENT, AUTO_INCREMENT=3;

--
-- AUTO_INCREMENT for table `drugs`
--
ALTER TABLE `drugs`
  MODIFY `drug_id` int(11) NOT NULL AUTO_INCREMENT, AUTO_INCREMENT=1842;

--
-- AUTO_INCREMENT for table `lab_results`
--
ALTER TABLE `lab_results`
  MODIFY `result_id` int(11) NOT NULL AUTO_INCREMENT, AUTO_INCREMENT=12;

--
-- AUTO_INCREMENT for table `orders`
--
ALTER TABLE `orders`
  MODIFY `order_id` int(11) NOT NULL AUTO_INCREMENT, AUTO_INCREMENT=21;

--
-- AUTO_INCREMENT for table `payment`
--
ALTER TABLE `payment`
  MODIFY `id` int(11) NOT NULL AUTO_INCREMENT, AUTO_INCREMENT=4;

--
-- AUTO_INCREMENT for table `payment_card`
--
ALTER TABLE `payment_card`
  MODIFY `pay_id` int(11) NOT NULL AUTO_INCREMENT, AUTO_INCREMENT=2;

--
-- AUTO_INCREMENT for table `prescription`
--
ALTER TABLE `prescription`
  MODIFY `presc_id` int(11) NOT NULL AUTO_INCREMENT, AUTO_INCREMENT=13;

--
-- AUTO_INCREMENT for table `users`
--
ALTER TABLE `users`
  MODIFY `id` int(11) NOT NULL AUTO_INCREMENT, AUTO_INCREMENT=43;
COMMIT;

/*!40101 SET CHARACTER_SET_CLIENT=@OLD_CHARACTER_SET_CLIENT */;
/*!40101 SET CHARACTER_SET_RESULTS=@OLD_CHARACTER_SET_RESULTS */;
/*!40101 SET COLLATION_CONNECTION=@OLD_COLLATION_CONNECTION */;
